Date,Count
"2000-01-01 01:19:28",1
"2000-01-01 04:02:28",1
"2000-01-02 10:44:10",1
"2000-01-02 18:48:55",1
"2000-01-06 15:51:12",1
"2000-01-07 04:09:40",1
"2000-01-07 09:36:36",1
"2000-01-10 02:48:15",1
"2000-01-11 07:44:58",1
"2000-01-12 02:14:02",1
"2000-01-12 21:54:06",1
"2000-01-14 01:16:42",1
"2000-01-14 06:25:29",1
"2000-01-14 09:08:24",1
"2000-01-17 07:32:51",1
"2000-01-19 00:01:56",1
"2000-01-19 10:40:47",1
"2000-01-19 19:43:01",1
"2000-01-20 09:32:37",1
"2000-01-22 12:18:10",1
"2000-01-26 02:24:40",1
"2000-01-27 00:03:22",1
"2000-01-27 06:51:18",1
"2000-01-29 17:24:03",1
"2000-01-31 07:34:06",1
"2000-02-02 21:21:29",1
"2000-02-04 14:44:16",1
"2000-02-05 14:08:25",1
"2000-02-06 18:59:19",1
"2000-02-07 01:30:34",1
"2000-02-10 01:47:42",1
"2000-02-10 21:09:02",1
"2000-02-10 22:42:57",1
"2000-02-13 08:37:15",1
"2000-02-13 09:39:26",1
"2000-02-13 09:50:49",1
"2000-02-14 11:40:53",1
"2000-02-15 13:44:39",1
"2000-02-15 16:50:23",1
"2000-02-15 18:57:37",1
"2000-02-16 13:45:54",1
"2000-02-19 05:18:46",1
"2000-02-19 11:45:24",1
"2000-02-19 11:49:55",1
"2000-02-20 23:20:04",1
"2000-02-22 11:55:31",1
"2000-02-26 14:07:27",1
"2000-02-28 04:24:42",1
"2000-02-28 07:45:01",1
"2000-02-29 01:30:29",1
"2000-03-02 23:27:16",1
"2000-03-05 21:19:02",1
"2000-03-05 22:31:21",1
"2000-03-07 14:42:09",1
"2000-03-08 09:57:25",1
"2000-03-08 12:58:56",1
"2000-03-08 14:24:43",1
"2000-03-08 14:26:27",1
"2000-03-08 17:03:56",1
"2000-03-09 12:29:46",1
"2000-03-10 09:01:36",1
"2000-03-12 00:39:42",1
"2000-03-12 18:26:24",1
"2000-03-13 14:18:52",1
"2000-03-14 07:02:47",1
"2000-03-15 07:41:45",1
"2000-03-15 10:31:13",1
"2000-03-15 19:38:34",1
"2000-03-15 23:50:07",1
"2000-03-17 11:47:19",1
"2000-03-18 06:18:16",1
"2000-03-20 05:39:19",1
"2000-03-21 04:01:45",1
"2000-03-22 10:45:06",1
"2000-03-26 14:29:02",1
"2000-03-27 05:51:38",1
"2000-03-27 12:56:03",1
"2000-03-27 15:41:57",1
"2000-03-27 19:11:43",1
"2000-03-28 03:44:42",1
"2000-03-28 15:29:45",1
"2000-03-28 21:19:11",1
"2000-03-31 01:33:24",1
"2000-03-31 16:52:27",1
"2000-03-31 17:30:29",1
"2000-03-31 20:43:36",1
"2000-03-31 22:04:34",1
"2000-04-01 22:33:24",1
"2000-04-02 05:18:26",1
"2000-04-03 05:32:44",1
"2000-04-03 18:46:05",1
"2000-04-05 04:36:58",1
"2000-04-05 07:01:32",1
"2000-04-05 16:08:10",1
"2000-04-05 22:43:23",1
"2000-04-05 23:41:17",1
"2000-04-06 11:15:40",1
"2000-04-06 11:31:58",1
"2000-04-06 13:28:55",1
"2000-04-06 19:10:38",1
"2000-04-06 23:24:01",1
"2000-04-07 01:25:47",1
"2000-04-07 05:35:00",1
"2000-04-07 10:38:04",1
"2000-04-07 11:11:52",1
"2000-04-07 19:09:26",1
"2000-04-09 10:37:17",1
"2000-04-09 23:18:07",1
"2000-04-10 04:04:57",1
"2000-04-10 08:09:20",1
"2000-04-12 19:01:29",1
"2000-04-13 15:02:20",1
"2000-04-15 11:03:27",1
"2000-04-15 17:26:31",1
"2000-04-16 17:28:12",1
"2000-04-17 04:04:54",1
"2000-04-17 23:55:45",1
"2000-04-18 02:46:11",1
"2000-04-18 15:31:14",1
"2000-04-18 16:41:53",1
"2000-04-18 23:12:46",1
"2000-04-19 02:23:04",1
"2000-04-19 14:42:55",1
"2000-04-20 02:44:14",1
"2000-04-20 20:43:41",1
"2000-04-22 17:05:24",1
"2000-04-23 13:53:35",1
"2000-04-23 15:56:48",1
"2000-04-24 17:37:54",1
"2000-04-25 15:24:47",1
"2000-04-27 16:37:20",1
"2000-04-27 18:23:27",1
"2000-04-27 19:03:45",1
"2000-04-27 22:28:53",1
"2000-04-28 00:30:15",1
"2000-04-28 02:42:55",1
"2000-04-28 17:41:00",1
"2000-04-28 18:19:24",1
"2000-04-28 20:44:23",1
"2000-04-29 06:45:26",1
"2000-04-29 07:51:17",1
"2000-04-30 15:53:45",1
"2000-05-01 02:13:21",1
"2000-05-02 10:04:51",1
"2000-05-03 04:59:19",1
"2000-05-04 01:32:12",1
"2000-05-04 19:13:26",1
"2000-05-04 21:27:01",1
"2000-05-04 21:50:13",1
"2000-05-07 12:40:30",1
"2000-05-07 17:04:20",1
"2000-05-07 20:33:14",1
"2000-05-08 19:24:48",1
"2000-05-08 21:49:08",1
"2000-05-08 22:35:20",1
"2000-05-09 00:17:19",1
"2000-05-10 07:02:43",1
"2000-05-10 09:42:25",1
"2000-05-10 10:17:41",1
"2000-05-11 22:59:14",1
"2000-05-13 15:50:34",1
"2000-05-15 03:50:12",1
"2000-05-16 06:26:40",1
"2000-05-16 13:50:50",1
"2000-05-18 02:42:43",1
"2000-05-18 11:59:46",1
"2000-05-19 09:00:17",1
"2000-05-19 12:24:11",1
"2000-05-19 14:35:40",1
"2000-05-20 00:07:49",1
"2000-05-20 02:33:56",1
"2000-05-20 04:43:02",1
"2000-05-20 13:11:13",1
"2000-05-20 23:45:52",1
"2000-05-22 12:59:09",1
"2000-05-23 08:12:10",1
"2000-05-24 05:40:37",1
"2000-05-24 06:42:38",1
"2000-05-24 06:44:13",1
"2000-05-24 10:01:44",1
"2000-05-24 11:26:21",1
"2000-05-24 12:34:49",1
"2000-05-24 16:12:16",1
"2000-05-24 16:16:00",1
"2000-05-24 20:13:40",1
"2000-05-24 21:28:17",1
"2000-05-24 23:41:00",1
"2000-05-25 00:26:47",1
"2000-05-25 00:37:35",1
"2000-05-25 12:41:03",1
"2000-05-25 21:41:59",1
"2000-05-26 01:01:20",1
"2000-05-26 01:28:22",1
"2000-05-26 02:01:44",1
"2000-05-26 02:39:18",1
"2000-05-26 02:43:43",1
"2000-05-26 11:48:55",1
"2000-05-26 12:02:04",1
"2000-05-26 12:32:40",1
"2000-05-26 14:46:36",1
"2000-05-27 03:08:22",1
"2000-05-27 03:47:06",1
"2000-05-28 00:08:39",1
"2000-05-28 08:18:06",1
"2000-05-28 18:59:05",1
"2000-05-28 22:24:08",1
"2000-05-29 02:50:16",1
"2000-05-30 16:16:28",1
"2000-05-30 20:19:49",1
"2000-05-31 12:45:08",1
"2000-05-31 16:52:08",1
"2000-05-31 19:31:41",1
"2000-05-31 22:37:53",1
"2000-06-01 05:41:41",1
"2000-06-01 17:56:27",1
"2000-06-02 07:50:52",1
"2000-06-02 17:45:06",1
"2000-06-02 18:49:49",1
"2000-06-02 23:44:54",1
"2000-06-03 01:01:16",1
"2000-06-03 11:24:49",1
"2000-06-03 11:26:11",1
"2000-06-03 11:29:32",1
"2000-06-03 13:27:52",1
"2000-06-03 13:32:02",1
"2000-06-04 01:33:44",1
"2000-06-04 10:52:54",1
"2000-06-04 11:30:20",1
"2000-06-04 11:47:27",1
"2000-06-04 12:07:24",1
"2000-06-04 12:13:17",1
"2000-06-04 13:11:51",1
"2000-06-04 22:43:26",1
"2000-06-05 00:56:28",1
"2000-06-05 01:40:55",1
"2000-06-05 13:40:52",1
"2000-06-05 16:45:25",1
"2000-06-06 02:26:11",1
"2000-06-07 22:46:06",1
"2000-06-07 00:05:11",1
"2000-06-08 21:42:52",1
"2000-06-09 23:17:30",1
"2000-06-11 16:29:39",1
"2000-06-12 05:42:29",1
"2000-06-13 01:43:18",1
"2000-06-13 01:49:33",1
"2000-06-13 01:51:12",1
"2000-06-13 03:02:36",1
"2000-06-13 04:21:53",1
"2000-06-13 05:34:44",1
"2000-06-13 12:42:56",1
"2000-06-14 00:04:49",1
"2000-06-15 16:10:20",1
"2000-06-15 16:50:16",1
"2000-06-15 19:31:58",1
"2000-06-15 21:30:32",1
"2000-06-16 00:14:43",1
"2000-06-16 09:26:56",1
"2000-06-16 14:21:52",1
"2000-06-16 14:29:07",1
"2000-06-16 23:30:27",1
"2000-06-17 11:40:55",1
"2000-06-17 22:29:28",1
"2000-06-18 03:35:01",1
"2000-06-19 00:41:01",1
"2000-06-19 12:45:19",1
"2000-06-19 13:36:13",1
"2000-06-19 18:58:19",1
"2000-06-20 06:07:12",1
"2000-06-20 06:11:56",1
"2000-06-20 06:12:26",1
"2000-06-20 06:15:41",1
"2000-06-20 17:10:37",1
"2000-06-20 20:31:46",1
"2000-06-20 22:16:42",1
"2000-06-21 02:09:02",1
"2000-06-21 19:41:58",1
"2000-06-24 16:55:15",1
"2000-06-24 22:26:11",1
"2000-06-25 17:18:44",1
"2000-06-25 19:52:56",1
"2000-06-25 23:25:12",1
"2000-06-27 19:37:22",1
"2000-06-29 03:28:24",1
"2000-06-29 03:30:40",1
"2000-06-29 14:15:27",1
"2000-06-30 17:37:06",1
"2000-06-30 19:11:38",1
"2000-06-30 19:27:32",1
"2000-07-02 13:23:06",1
"2000-07-03 11:55:39",1
"2000-07-03 19:14:45",1
"2000-07-04 19:44:19",1
"2000-07-04 20:26:49",1
"2000-07-05 02:19:05",1
"2000-07-05 17:12:20",1
"2000-07-05 23:20:40",1
"2000-07-06 00:37:21",1
"2000-07-06 06:36:09",1
"2000-07-06 06:50:21",1
"2000-07-09 00:01:44",1
"2000-07-09 01:06:52",1
"2000-07-10 10:32:03",1
"2000-07-13 04:34:17",1
"2000-07-13 11:13:49",1
"2000-07-14 23:39:56",1
"2000-07-15 04:53:00",1
"2000-07-15 15:18:09",1
"2000-07-15 21:37:48",1
"2000-07-15 22:05:21",1
"2000-07-16 02:39:02",1
"2000-07-16 02:56:16",1
"2000-07-16 05:13:15",1
"2000-07-16 06:41:48",1
"2000-07-16 13:32:19",1
"2000-07-17 07:01:19",1
"2000-07-17 10:49:19",1
"2000-07-17 12:12:29",1
"2000-07-20 04:10:07",1
"2000-07-22 09:59:40",1
"2000-07-22 20:15:39",1
"2000-07-24 00:04:33",1
"2000-07-25 19:33:59",1
"2000-07-26 22:03:21",1
"2000-07-27 15:06:06",1
"2000-07-27 18:00:49",1
"2000-07-28 01:55:35",1
"2000-07-29 03:13:54",1
"2000-07-31 05:49:22",1
"2000-08-01 10:10:57",1
"2000-08-01 17:33:47",1
"2000-08-04 10:57:36",1
"2000-08-04 23:45:00",1
"2000-08-05 00:04:14",1
"2000-08-05 02:56:15",1
"2000-08-05 21:10:10",1
"2000-08-06 03:23:57",1
"2000-08-06 08:00:17",1
"2000-08-06 12:20:21",1
"2000-08-07 04:46:14",1
"2000-08-07 06:21:44",1
"2000-08-08 06:00:55",1
"2000-08-08 06:10:10",1
"2000-08-09 12:00:02",1
"2000-08-10 02:49:40",1
"2000-08-10 11:04:14",1
"2000-08-10 23:59:21",1
"2000-08-11 02:53:17",1
"2000-08-14 01:07:59",1
"2000-08-16 20:16:26",1
"2000-08-19 13:10:51",1
"2000-08-21 06:29:21",1
"2000-08-21 06:42:10",1
"2000-08-22 03:35:38",1
"2000-08-22 15:52:03",1
"2000-08-22 18:33:01",1
"2000-08-23 01:33:45",1
"2000-08-23 20:08:49",1
"2000-08-24 01:20:38",1
"2000-08-24 17:52:40",1
"2000-08-25 03:35:24",1
"2000-08-25 05:03:37",1
"2000-08-25 17:51:01",1
"2000-08-26 17:15:09",1
"2000-08-26 19:59:24",1
"2000-08-27 03:31:19",1
"2000-08-27 05:24:30",1
"2000-08-27 09:00:06",1
"2000-08-28 09:55:39",1
"2000-08-28 20:20:36",1
"2000-08-28 21:19:01",1
"2000-08-28 22:00:09",1
"2000-08-30 01:14:10",1
"2000-08-30 02:23:25",1
"2000-08-30 06:06:04",1
"2000-08-30 09:38:53",1
"2000-08-30 13:58:22",1
"2000-08-30 22:13:54",1
"2000-08-31 03:17:31",1
"2000-09-01 04:22:53",1
"2000-09-04 05:52:31",1
"2000-09-06 23:14:25",1
"2000-09-07 04:05:01",1
"2000-09-07 06:41:37",1
"2000-09-07 21:50:15",1
"2000-09-08 05:46:45",1
"2000-09-08 13:17:58",1
"2000-09-08 15:01:04",1
"2000-09-08 19:32:58",1
"2000-09-09 06:52:49",1
"2000-09-09 08:18:50",1
"2000-09-09 10:32:38",1
"2000-09-12 16:28:41",1
"2000-09-13 02:26:20",1
"2000-09-14 01:20:49",1
"2000-09-15 00:37:17",1
"2000-09-15 18:22:25",1
"2000-09-15 22:22:09",1
"2000-09-15 22:24:50",1
"2000-09-15 22:28:08",1
"2000-09-16 04:41:43",1
"2000-09-19 08:41:41",1
"2000-09-19 18:01:28",1
"2000-09-20 07:54:44",1
"2000-09-21 14:10:24",1
"2000-09-21 20:01:07",1
"2000-09-22 14:50:57",1
"2000-09-25 03:47:25",1
"2000-09-25 16:47:30",1
"2000-09-25 23:31:28",1
"2000-09-26 10:16:10",1
"2000-09-26 17:40:06",1
"2000-09-27 13:00:37",1
"2000-09-27 21:06:05",1
"2000-09-28 14:35:20",1
"2000-09-28 14:38:43",1
"2000-09-30 00:45:27",1
"2000-10-01 15:05:43",1
"2000-10-04 01:10:18",1
"2000-10-04 02:33:58",1
"2000-10-04 07:58:52",1
"2000-10-04 08:34:16",1
"2000-10-04 09:25:38",1
"2000-10-04 10:40:40",1
"2000-10-04 13:06:15",1
"2000-10-04 13:47:28",1
"2000-10-04 13:51:50",1
"2000-10-04 15:25:45",1
"2000-10-05 21:32:06",1
"2000-10-06 01:17:58",1
"2000-10-06 09:59:02",1
"2000-10-08 07:05:51",1
"2000-10-09 00:02:13",1
"2000-10-09 00:30:37",1
"2000-10-09 04:28:51",1
"2000-10-11 19:10:40",1
"2000-10-11 23:39:25",1
"2000-10-12 05:37:50",1
"2000-10-12 06:59:08",1
"2000-10-13 22:49:48",1
"2000-10-14 06:08:09",1
"2000-10-16 04:10:34",1
"2000-10-16 12:46:04",1
"2000-10-17 21:53:58",1
"2000-10-17 23:38:48",1
"2000-10-18 22:55:41",1
"2000-10-18 23:07:40",1
"2000-10-19 06:35:09",1
"2000-10-19 07:32:03",1
"2000-10-22 00:58:48",1
"2000-10-22 10:11:29",1
"2000-10-23 13:31:23",1
"2000-10-29 19:23:53",1
"2000-10-30 08:20:35",1
"2000-10-30 19:37:10",1
"2000-11-05 21:33:54",1
"2000-11-05 22:29:23",1
"2000-11-07 11:37:22",1
"2000-11-07 16:47:35",1
"2000-11-07 20:02:14",1
"2000-11-07 21:13:58",1
"2000-11-12 14:04:25",1
"2000-11-13 03:13:19",1
"2000-11-13 15:40:17",1
"2000-11-14 18:28:18",1
"2000-11-15 17:32:37",1
"2000-11-16 12:19:15",1
"2000-11-18 04:53:40",1
"2000-11-22 09:00:57",1
"2000-11-22 12:04:00",1
"2000-11-22 17:24:22",1
"2000-11-22 17:53:14",1
"2000-11-24 01:02:35",1
"2000-11-26 05:44:08",1
"2000-11-26 11:37:05",1
"2000-11-26 21:11:36",1
"2000-11-29 16:33:45",1
"2000-11-29 17:16:58",1
"2000-11-29 18:07:42",1
"2000-11-29 20:31:11",1
"2000-11-30 19:26:46",1
"2000-12-02 14:02:34",1
"2000-12-02 21:02:43",1
"2000-12-04 15:43:45",1
"2000-12-05 08:24:14",1
"2000-12-05 13:57:15",1
"2000-12-05 17:31:56",1
"2000-12-06 14:07:50",1
"2000-12-09 15:37:08",1
"2000-12-10 09:10:46",1
"2000-12-12 05:33:37",1
"2000-12-12 07:58:10",1
"2000-12-13 23:03:23",1
"2000-12-14 12:18:54",1
"2000-12-14 18:02:23",1
"2000-12-14 19:30:49",1
"2000-12-14 23:04:44",1
"2000-12-15 07:20:02",1
"2000-12-16 11:26:21",1
"2000-12-16 14:27:50",1
"2000-12-17 12:43:47",1
"2000-12-18 08:32:29",1
"2000-12-18 20:47:46",1
"2000-12-18 21:17:43",1
"2000-12-19 11:31:15",1
"2000-12-19 18:32:35",1
"2000-12-20 01:19:21",1
"2000-12-22 02:49:35",1
"2000-12-22 22:38:11",1
"2000-12-24 14:47:02",1
"2000-12-25 01:02:16",1
"2000-12-28 10:00:03",1
"2000-12-30 15:14:43",1
"2001-01-01 21:59:06",1
"2001-01-02 18:51:19",1
"2001-01-04 01:20:38",1
"2001-01-06 20:25:40",1
"2001-01-06 21:17:47",1
"2001-01-06 21:27:04",1
"2001-01-06 21:51:32",1
"2001-01-06 22:03:13",1
"2001-01-07 18:36:38",1
"2001-01-07 21:00:59",1
"2001-01-08 07:51:04",1
"2001-01-11 01:16:07",1
"2001-01-11 21:44:39",1
"2001-01-12 21:45:25",1
"2001-01-12 22:00:09",1
"2001-01-13 00:14:40",1
"2001-01-13 00:42:24",1
"2001-01-13 07:53:40",1
"2001-01-14 01:00:27",1
"2001-01-16 22:28:26",1
"2001-01-17 05:01:05",1
"2001-01-18 19:54:42",1
"2001-01-18 20:20:54",1
"2001-01-19 04:38:38",1
"2001-01-19 06:47:19",1
"2001-01-19 21:04:40",1
"2001-01-20 00:33:03",1
"2001-01-20 17:24:14",1
"2001-01-20 19:44:39",1
"2001-01-21 04:39:09",1
"2001-01-23 09:45:24",1
"2001-01-24 05:19:43",1
"2001-01-26 03:36:52",1
"2001-01-28 01:24:09",1
"2001-01-28 21:15:05",1
"2001-01-30 00:03:58",1
"2001-01-30 09:24:34",1
"2001-01-31 17:49:08",1
"2001-02-01 09:58:50",1
"2001-02-01 21:45:13",1
"2001-02-07 01:26:00",1
"2001-02-09 21:58:09",1
"2001-02-10 04:58:18",1
"2001-02-10 16:59:02",1
"2001-02-10 20:27:56",1
"2001-02-10 20:53:02",1
"2001-02-11 09:55:42",1
"2001-02-11 11:08:29",1
"2001-02-12 16:37:42",1
"2001-02-13 06:53:35",1
"2001-02-13 22:26:13",1
"2001-02-14 06:36:26",1
"2001-02-14 12:25:51",1
"2001-02-15 15:10:18",1
"2001-02-17 10:19:20",1
"2001-02-17 19:51:43",1
"2001-02-18 00:24:52",1
"2001-02-18 04:13:31",1
"2001-02-18 11:45:35",1
"2001-02-20 08:15:21",1
"2001-02-23 21:47:31",1
"2001-02-25 19:56:21",1
"2001-02-27 04:10:45",1
"2001-02-27 06:14:53",1
"2001-02-27 07:45:57",1
"2001-02-27 11:38:57",1
"2001-02-27 12:17:34",1
"2001-02-28 00:27:16",1
"2001-02-28 15:58:56",1
"2001-03-01 13:31:20",1
"2001-03-01 18:00:28",1
"2001-03-01 20:18:31",1
"2001-03-01 22:29:06",1
"2001-03-02 11:53:17",1
"2001-03-02 16:10:01",1
"2001-03-03 07:31:48",1
"2001-03-04 13:15:10",1
"2001-03-04 23:37:42",1
"2001-03-07 02:17:02",1
"2001-03-07 02:57:41",1
"2001-03-07 03:00:34",1
"2001-03-08 06:03:17",1
"2001-03-09 03:35:02",1
"2001-03-09 21:44:15",1
"2001-03-10 05:22:01",1
"2001-03-10 11:20:58",1
"2001-03-10 11:28:07",1
"2001-03-10 14:58:44",1
"2001-03-11 00:26:49",1
"2001-03-11 03:50:12",1
"2001-03-13 07:24:03",1
"2001-03-14 20:34:21",1
"2001-03-15 07:29:07",1
"2001-03-16 01:26:56",1
"2001-03-16 21:43:16",1
"2001-03-16 23:13:41",1
"2001-03-17 02:41:02",1
"2001-03-17 21:15:29",1
"2001-03-18 13:54:05",1
"2001-03-19 08:58:13",1
"2001-03-19 15:33:37",1
"2001-03-19 18:05:51",1
"2001-03-19 21:57:38",1
"2001-03-20 20:51:14",1
"2001-03-21 05:45:27",1
"2001-03-23 01:11:54",1
"2001-03-25 12:26:34",1
"2001-03-26 08:28:02",1
"2001-03-26 11:20:58",1
"2001-03-28 18:15:26",1
"2001-03-29 20:15:03",1
"2001-03-30 16:31:25",1
"2001-03-31 06:50:05",1
"2001-03-31 18:53:47",1
"2001-04-01 22:42:33",1
"2001-04-02 11:36:16",1
"2001-04-03 02:41:07",1
"2001-04-03 17:01:47",1
"2001-04-05 20:48:01",1
"2001-04-06 01:27:21",1
"2001-04-06 03:26:34",1
"2001-04-06 18:10:39",1
"2001-04-07 17:35:58",1
"2001-04-08 06:12:25",1
"2001-04-09 07:31:08",1
"2001-04-09 17:38:41",1
"2001-04-09 20:05:39",1
"2001-04-11 02:59:52",1
"2001-04-11 05:02:23",1
"2001-04-11 08:25:30",1
"2001-04-11 23:07:50",1
"2001-04-11 23:16:09",1
"2001-04-12 00:57:10",1
"2001-04-14 02:16:03",1
"2001-04-14 06:08:58",1
"2001-04-14 19:28:57",1
"2001-04-15 01:15:42",1
"2001-04-15 03:24:30",1
"2001-04-16 06:58:44",1
"2001-04-16 23:08:42",1
"2001-04-17 00:42:35",1
"2001-04-19 21:52:34",1
"2001-04-20 00:18:17",1
"2001-04-20 15:15:50",1
"2001-04-20 19:07:21",1
"2001-04-24 02:29:54",1
"2001-04-24 08:10:52",1
"2001-04-28 00:06:07",1
"2001-04-28 08:24:27",1
"2001-04-29 00:15:05",1
"2001-04-29 17:34:23",1
"2001-04-30 20:37:37",1
"2001-05-01 06:00:56",1
"2001-05-02 14:50:49",1
"2001-05-03 02:17:26",1
"2001-05-03 04:20:29",1
"2001-05-03 05:08:56",1
"2001-05-04 17:03:26",1
"2001-05-04 19:52:07",1
"2001-05-05 01:02:09",1
"2001-05-05 02:15:42",1
"2001-05-06 10:18:18",1
"2001-05-10 04:42:18",1
"2001-05-10 18:32:55",1
"2001-05-14 08:33:06",1
"2001-05-16 16:51:56",1
"2001-05-18 20:32:37",1
"2001-05-19 03:11:16",1
"2001-05-19 06:11:48",1
"2001-05-19 16:07:27",1
"2001-05-20 03:09:42",1
"2001-05-20 03:38:02",1
"2001-05-20 04:30:14",1
"2001-05-20 04:33:10",1
"2001-05-20 08:22:03",1
"2001-05-20 10:26:00",1
"2001-05-20 13:50:20",1
"2001-05-20 17:22:09",1
"2001-05-21 13:09:55",1
"2001-05-23 15:11:29",1
"2001-05-23 21:30:45",1
"2001-05-24 03:18:07",1
"2001-05-24 04:55:24",1
"2001-05-24 06:25:53",1
"2001-05-24 06:47:33",1
"2001-05-24 14:09:45",1
"2001-05-24 22:02:26",1
"2001-05-25 05:18:23",1
"2001-05-25 15:09:06",1
"2001-05-25 23:34:16",1
"2001-05-26 01:11:48",1
"2001-05-28 17:32:17",1
"2001-05-29 04:44:00",1
"2001-05-29 12:46:24",1
"2001-05-29 22:24:12",1
"2001-05-30 10:45:09",1
"2001-05-31 02:03:07",1
"2001-05-31 09:42:13",1
"2001-05-31 19:39:52",1
"2001-05-31 19:43:49",1
"2001-06-01 03:21:22",1
"2001-06-03 06:42:40",1
"2001-06-03 16:25:27",1
"2001-06-03 20:01:06",1
"2001-06-03 20:58:25",1
"2001-06-03 23:48:26",1
"2001-06-04 05:53:11",1
"2001-06-04 10:07:47",1
"2001-06-04 12:15:20",1
"2001-06-04 20:02:54",1
"2001-06-06 14:00:43",1
"2001-06-06 21:26:20",1
"2001-06-07 19:20:32",1
"2001-06-08 15:08:24",1
"2001-06-08 15:24:42",1
"2001-06-09 01:28:28",1
"2001-06-09 11:45:35",1
"2001-06-10 13:11:03",1
"2001-06-10 14:13:29",1
"2001-06-10 14:23:47",1
"2001-06-10 16:59:35",1
"2001-06-10 17:13:43",1
"2001-06-11 00:22:42",1
"2001-06-11 00:31:01",1
"2001-06-11 02:14:03",1
"2001-06-11 05:18:57",1
"2001-06-11 05:28:45",1
"2001-06-11 10:26:21",1
"2001-06-11 11:50:33",1
"2001-06-12 01:14:18",1
"2001-06-12 02:56:24",1
"2001-06-12 03:04:22",1
"2001-06-13 02:18:24",1
"2001-06-13 07:05:54",1
"2001-06-13 09:47:40",1
"2001-06-13 19:06:02",1
"2001-06-14 02:46:46",1
"2001-06-14 07:18:10",1
"2001-06-14 17:22:59",1
"2001-06-14 19:11:53",1
"2001-06-14 23:04:03",1
"2001-06-15 10:24:09",1
"2001-06-15 13:03:46",1
"2001-06-16 01:32:50",1
"2001-06-16 12:47:08",1
"2001-06-16 21:49:18",1
"2001-06-17 07:20:08",1
"2001-06-18 19:46:24",1
"2001-06-19 03:22:53",1
"2001-06-22 11:30:58",1
"2001-06-22 11:54:54",1
"2001-06-22 19:56:21",1
"2001-06-22 20:12:26",1
"2001-06-23 03:22:46",1
"2001-06-23 06:52:44",1
"2001-06-23 12:18:20",1
"2001-06-23 12:57:37",1
"2001-06-23 15:26:36",1
"2001-06-23 16:01:28",1
"2001-06-24 11:49:37",1
"2001-06-24 13:32:52",1
"2001-06-25 00:01:38",1
"2001-06-26 15:30:02",1
"2001-06-26 17:19:47",1
"2001-06-26 17:27:55",1
"2001-06-26 23:22:21",1
"2001-06-27 04:08:57",1
"2001-06-28 07:34:47",1
"2001-06-28 08:23:18",1
"2001-06-28 20:24:52",1
"2001-06-30 06:14:12",1
"2001-06-30 18:02:26",1
"2001-07-01 20:43:53",1
"2001-07-02 12:21:02",1
"2001-07-03 19:05:00",1
"2001-07-08 02:15:50",1
"2001-07-11 08:00:25",1
"2001-07-12 21:39:50",1
"2001-07-12 22:30:58",1
"2001-07-14 22:21:26",1
"2001-07-16 01:20:16",1
"2001-07-17 08:01:13",1
"2001-07-17 09:23:06",1
"2001-07-17 19:11:50",1
"2001-07-18 00:58:22",1
"2001-07-18 01:45:22",1
"2001-07-18 04:56:29",1
"2001-07-18 08:16:09",1
"2001-07-18 18:42:44",1
"2001-07-19 06:18:13",1
"2001-07-19 09:23:14",1
"2001-07-21 12:45:59",1
"2001-07-21 12:47:38",1
"2001-07-22 07:22:29",1
"2001-07-23 03:31:11",1
"2001-07-25 15:43:13",1
"2001-07-25 16:52:05",1
"2001-07-25 21:13:41",1
"2001-07-26 00:21:39",1
"2001-07-26 00:31:55",1
"2001-07-26 00:34:59",1
"2001-07-26 00:59:04",1
"2001-07-26 01:11:32",1
"2001-07-26 01:12:50",1
"2001-07-26 01:48:40",1
"2001-07-26 01:52:30",1
"2001-07-26 01:58:55",1
"2001-07-26 02:01:53",1
"2001-07-26 02:06:38",1
"2001-07-26 02:09:51",1
"2001-07-26 02:13:26",1
"2001-07-26 02:16:31",1
"2001-07-26 02:26:30",1
"2001-07-26 02:39:28",1
"2001-07-26 02:40:40",1
"2001-07-26 03:08:33",1
"2001-07-26 03:21:44",1
"2001-07-26 03:39:17",1
"2001-07-26 04:24:00",1
"2001-07-26 04:31:37",1
"2001-07-26 04:49:47",1
"2001-07-26 04:53:36",1
"2001-07-26 05:27:27",1
"2001-07-26 06:19:25",1
"2001-07-26 06:38:28",1
"2001-07-26 07:44:34",1
"2001-07-26 08:55:05",1
"2001-07-26 09:22:02",1
"2001-07-26 09:29:43",1
"2001-07-26 09:55:31",1
"2001-07-26 10:30:10",1
"2001-07-26 11:51:56",1
"2001-07-26 12:38:26",1
"2001-07-26 12:48:55",1
"2001-07-26 14:12:16",1
"2001-07-26 14:24:34",1
"2001-07-26 15:24:30",1
"2001-07-26 16:37:39",1
"2001-07-26 18:20:08",1
"2001-07-26 19:09:15",1
"2001-07-26 20:29:38",1
"2001-07-26 22:00:26",1
"2001-07-26 22:21:25",1
"2001-07-26 23:31:36",1
"2001-07-27 01:34:49",1
"2001-07-27 03:38:48",1
"2001-07-27 04:00:29",1
"2001-07-29 13:02:43",1
"2001-07-29 16:50:51",1
"2001-07-30 01:31:33",1
"2001-07-30 14:44:46",1
"2001-07-30 14:54:13",1
"2001-07-30 14:55:13",1
"2001-07-30 14:55:41",1
"2001-07-30 14:59:43",1
"2001-07-30 15:24:58",1
"2001-07-30 16:38:24",1
"2001-07-30 17:05:11",1
"2001-07-31 03:21:51",1
"2001-07-31 11:33:52",1
"2001-07-31 11:49:18",1
"2001-07-31 23:56:54",1
"2001-08-02 18:40:45",1
"2001-08-03 02:20:14",1
"2001-08-03 03:12:09",1
"2001-08-03 07:36:17",1
"2001-08-03 13:59:49",1
"2001-08-05 20:58:18",1
"2001-08-06 03:55:25",1
"2001-08-07 01:04:15",1
"2001-08-07 02:41:05",1
"2001-08-08 13:12:04",1
"2001-08-09 04:23:49",1
"2001-08-09 19:37:42",1
"2001-08-10 07:47:09",1
"2001-08-10 11:19:03",1
"2001-08-10 14:10:04",1
"2001-08-10 17:04:26",1
"2001-08-10 20:03:37",1
"2001-08-10 21:49:39",1
"2001-08-12 12:08:42",1
"2001-08-12 15:51:42",1
"2001-08-13 05:37:17",1
"2001-08-13 10:59:52",1
"2001-08-13 11:11:06",1
"2001-08-13 11:20:18",1
"2001-08-13 11:26:02",1
"2001-08-13 14:19:24",1
"2001-08-14 20:29:55",1
"2001-08-16 02:42:17",1
"2001-08-16 10:05:35",1
"2001-08-16 12:15:12",1
"2001-08-16 23:31:33",1
"2001-08-17 16:46:33",1
"2001-08-17 21:01:46",1
"2001-08-19 17:01:47",1
"2001-08-22 17:55:26",1
"2001-08-25 20:49:11",1
"2001-08-26 02:16:36",1
"2001-08-26 18:25:30",1
"2001-08-26 19:14:26",1
"2001-08-26 19:54:39",1
"2001-08-27 04:04:08",1
"2001-08-27 20:09:51",1
"2001-08-27 21:43:43",1
"2001-08-28 18:27:30",1
"2001-08-28 21:47:03",1
"2001-08-29 10:02:16",1
"2001-08-29 11:25:29",1
"2001-08-29 12:47:58",1
"2001-08-29 17:28:22",1
"2001-08-30 03:09:50",1
"2001-08-30 06:19:14",1
"2001-08-30 07:02:46",1
"2001-08-30 14:56:25",1
"2001-08-30 19:58:21",1
"2001-08-30 21:28:26",1
"2001-08-30 21:41:40",1
"2001-09-02 06:59:24",1
"2001-09-03 01:08:46",1
"2001-09-03 02:40:54",1
"2001-09-04 01:18:47",1
"2001-09-04 22:16:42",1
"2001-09-05 07:09:46",1
"2001-09-07 05:26:20",1
"2001-09-07 06:50:14",1
"2001-09-07 08:59:51",1
"2001-09-07 11:05:18",1
"2001-09-07 17:57:22",1
"2001-09-07 18:05:20",1
"2001-09-09 23:30:11",1
"2001-09-10 05:08:08",1
"2001-09-13 15:42:56",1
"2001-09-14 00:06:25",1
"2001-09-14 22:47:24",1
"2001-09-14 22:57:27",1
"2001-09-16 02:00:48",1
"2001-09-17 22:40:50",1
"2001-09-18 01:24:53",1
"2001-09-19 00:11:20",1
"2001-09-19 04:58:17",1
"2001-09-19 07:12:30",1
"2001-09-19 12:44:04",1
"2001-09-19 21:04:25",1
"2001-09-20 01:23:39",1
"2001-09-20 20:21:10",1
"2001-09-21 20:27:06",1
"2001-09-21 21:47:38",1
"2001-09-22 01:04:31",1
"2001-09-22 12:41:37",1
"2001-09-22 18:32:47",1
"2001-09-23 21:16:13",1
"2001-09-24 06:26:00",1
"2001-09-26 01:29:36",1
"2001-09-26 02:19:18",1
"2001-09-26 03:07:58",1
"2001-09-26 04:19:55",1
"2001-09-26 06:21:46",1
"2001-09-26 07:19:09",1
"2001-09-26 08:15:36",1
"2001-09-28 16:13:26",1
"2001-09-30 02:17:24",1
"2001-10-02 02:26:50",1
"2001-10-02 16:54:31",1
"2001-10-02 19:10:34",1
"2001-10-03 23:22:29",1
"2001-10-06 07:26:00",1
"2001-10-06 12:03:54",1
"2001-10-06 13:07:27",1
"2001-10-06 16:14:57",1
"2001-10-06 22:18:24",1
"2001-10-07 13:56:46",1
"2001-10-08 00:12:53",1
"2001-10-08 00:18:09",1
"2001-10-08 01:03:09",1
"2001-10-08 04:50:21",1
"2001-10-08 05:26:44",1
"2001-10-08 05:32:17",1
"2001-10-08 11:38:13",1
"2001-10-08 18:09:11",1
"2001-10-10 21:08:23",1
"2001-10-11 03:44:56",1
"2001-10-12 10:36:52",1
"2001-10-12 16:18:11",1
"2001-10-12 22:54:53",1
"2001-10-13 17:42:55",1
"2001-10-15 08:51:09",1
"2001-10-17 02:27:15",1
"2001-10-17 05:56:21",1
"2001-10-17 07:21:49",1
"2001-10-17 12:33:34",1
"2001-10-17 17:53:45",1
"2001-10-20 23:10:57",1
"2001-10-21 07:32:21",1
"2001-10-23 21:14:02",1
"2001-10-24 12:18:31",1
"2001-10-24 16:20:35",1
"2001-10-26 13:32:52",1
"2001-10-29 20:21:48",1
"2001-10-29 20:34:24",1
"2001-10-30 06:10:17",1
"2001-10-30 21:00:07",1
"2001-10-30 21:49:12",1
"2001-11-02 01:14:27",1
"2001-11-02 09:14:34",1
"2001-11-02 10:03:30",1
"2001-11-02 23:00:02",1
"2001-11-03 11:58:37",1
"2001-11-03 14:23:59",1
"2001-11-03 17:32:53",1
"2001-11-03 20:28:17",1
"2001-11-04 17:23:30",1
"2001-11-05 02:39:11",1
"2001-11-07 05:01:21",1
"2001-11-07 19:59:20",1
"2001-11-10 18:32:57",1
"2001-11-12 11:11:26",1
"2001-11-14 19:55:46",1
"2001-11-15 11:32:36",1
"2001-11-16 09:49:21",1
"2001-11-16 20:21:01",1
"2001-11-17 07:56:16",1
"2001-11-18 01:01:43",1
"2001-11-18 14:14:03",1
"2001-11-20 16:07:44",1
"2001-11-20 20:55:23",1
"2001-11-21 21:17:14",1
"2001-11-22 18:41:05",1
"2001-11-23 08:47:07",1
"2001-11-24 00:53:24",1
"2001-11-24 16:20:20",1
"2001-11-25 02:17:38",1
"2001-11-25 18:59:37",1
"2001-11-25 20:11:20",1
"2001-11-26 04:21:46",1
"2001-11-26 05:03:22",1
"2001-11-26 15:13:03",1
"2001-11-26 20:43:50",1
"2001-11-27 03:56:50",1
"2001-11-27 09:46:16",1
"2001-11-27 12:21:37",1
"2001-11-27 14:18:04",1
"2001-11-27 14:47:35",1
"2001-11-29 19:48:32",1
"2001-12-01 20:18:00",1
"2001-12-02 00:54:34",1
"2001-12-03 09:57:35",1
"2001-12-04 22:35:32",1
"2001-12-04 23:13:20",1
"2001-12-05 19:26:56",1
"2001-12-06 20:30:25",1
"2001-12-07 19:44:52",1
"2001-12-07 20:28:57",1
"2001-12-08 17:39:01",1
"2001-12-08 20:18:13",1
"2001-12-10 18:04:40",1
"2001-12-10 19:19:27",1
"2001-12-10 19:50:09",1
"2001-12-11 01:02:17",1
"2001-12-11 16:34:05",1
"2001-12-12 21:45:28",1
"2001-12-12 22:32:34",1
"2001-12-14 22:41:21",1
"2001-12-15 03:36:20",1
"2001-12-16 06:13:25",1
"2001-12-17 13:08:17",1
"2001-12-17 20:40:38",1
"2001-12-18 10:26:58",1
"2001-12-18 11:16:50",1
"2001-12-18 15:54:12",1
"2001-12-18 18:01:33",1
"2001-12-19 05:56:26",1
"2001-12-19 06:04:49",1
"2001-12-19 06:29:53",1
"2001-12-19 07:05:08",1
"2001-12-19 08:47:44",1
"2001-12-20 23:42:35",1
"2001-12-21 14:25:25",1
"2001-12-21 14:31:48",1
"2001-12-21 14:37:45",1
"2001-12-21 15:03:05",1
"2001-12-21 17:04:39",1
"2001-12-22 22:17:23",1
"2001-12-23 05:11:53",1
"2001-12-24 11:17:29",1
"2001-12-24 20:55:44",1
"2001-12-25 00:20:13",1
"2001-12-26 00:54:46",1
"2001-12-26 23:30:52",1
"2001-12-29 23:12:31",1
"2001-12-30 04:06:30",1
"2001-12-31 13:32:35",1
"2002-01-01 22:15:57",1
"2002-01-04 02:08:40",1
"2002-01-06 06:09:10",1
"2002-01-06 15:36:06",1
"2002-01-07 11:09:33",1
"2002-01-07 13:52:16",1
"2002-01-08 14:17:58",1
"2002-01-09 09:35:56",1
"2002-01-09 14:11:08",1
"2002-01-10 21:01:34",1
"2002-01-12 09:30:43",1
"2002-01-13 11:02:50",1
"2002-01-16 18:24:35",1
"2002-01-16 18:30:21",1
"2002-01-17 03:50:27",1
"2002-01-19 22:46:51",1
"2002-01-20 12:38:13",1
"2002-01-20 13:38:49",1
"2002-01-20 14:36:19",1
"2002-01-20 19:54:54",1
"2002-01-21 00:29:17",1
"2002-01-21 14:34:25",1
"2002-01-22 04:53:54",1
"2002-01-23 18:24:09",1
"2002-01-23 20:10:00",1
"2002-01-23 21:22:13",1
"2002-01-24 02:20:36",1
"2002-01-25 17:54:28",1
"2002-01-26 11:03:50",1
"2002-01-26 12:22:49",1
"2002-01-26 15:31:35",1
"2002-01-26 18:15:58",1
"2002-01-26 20:05:33",1
"2002-01-26 20:24:58",1
"2002-01-27 08:44:57",1
"2002-01-27 20:52:46",1
"2002-01-30 18:17:54",1
"2002-01-30 20:03:33",1
"2002-02-04 10:02:00",1
"2002-02-05 20:18:14",1
"2002-02-06 20:01:48",1
"2002-02-07 17:53:44",1
"2002-02-07 23:34:18",1
"2002-02-09 04:43:52",1
"2002-02-09 04:55:00",1
"2002-02-09 10:25:24",1
"2002-02-09 11:00:12",1
"2002-02-10 10:11:10",1
"2002-02-14 11:46:31",1
"2002-02-14 22:42:19",1
"2002-02-15 18:38:12",1
"2002-02-18 10:19:24",1
"2002-02-18 16:38:58",1
"2002-02-19 10:12:17",1
"2002-02-19 11:35:30",1
"2002-02-20 12:46:11",1
"2002-02-21 08:40:41",1
"2002-02-21 18:20:44",1
"2002-02-23 01:06:50",1
"2002-02-24 00:31:17",1
"2002-02-24 05:32:21",1
"2002-02-27 13:39:43",1
"2002-02-27 23:24:27",1
"2002-03-01 06:04:43",1
"2002-03-01 06:46:42",1
"2002-03-01 12:01:26",1
"2002-03-01 15:47:59",1
"2002-03-01 21:09:33",1
"2002-03-02 15:10:23",1
"2002-03-03 03:44:56",1
"2002-03-04 02:06:54",1
"2002-03-05 02:52:43",1
"2002-03-05 05:23:44",1
"2002-03-05 09:18:05",1
"2002-03-05 21:03:36",1
"2002-03-07 20:30:40",1
"2002-03-08 04:50:43",1
"2002-03-08 13:31:28",1
"2002-03-09 16:59:33",1
"2002-03-13 07:49:25",1
"2002-03-15 13:52:38",1
"2002-03-18 04:12:20",1
"2002-03-21 05:44:02",1
"2002-03-21 13:51:09",1
"2002-03-21 16:58:04",1
"2002-03-21 17:20:14",1
"2002-03-23 02:36:09",1
"2002-03-23 04:52:06",1
"2002-03-23 13:08:27",1
"2002-03-23 21:59:05",1
"2002-03-26 03:01:46",1
"2002-03-26 11:37:33",1
"2002-03-30 09:26:45",1
"2002-04-02 19:45:31",1
"2002-04-03 04:11:58",1
"2002-04-03 12:00:10",1
"2002-04-05 07:55:51",1
"2002-04-05 13:14:04",1
"2002-04-05 18:45:29",1
"2002-04-06 01:11:07",1
"2002-04-06 05:47:17",1
"2002-04-06 11:19:54",1
"2002-04-06 13:49:23",1
"2002-04-06 14:09:25",1
"2002-04-10 21:13:13",1
"2002-04-11 07:01:33",1
"2002-04-11 08:23:24",1
"2002-04-12 14:55:57",1
"2002-04-12 17:55:02",1
"2002-04-14 15:00:42",1
"2002-04-15 00:14:53",1
"2002-04-15 08:10:09",1
"2002-04-16 19:59:48",1
"2002-04-21 09:20:21",1
"2002-04-21 14:44:59",1
"2002-04-22 17:54:41",1
"2002-04-23 11:10:12",1
"2002-04-25 07:28:09",1
"2002-04-26 15:28:51",1
"2002-04-27 01:41:49",1
"2002-04-29 00:24:24",1
"2002-05-01 10:30:40",1
"2002-05-04 11:02:45",1
"2002-05-04 16:35:20",1
"2002-05-05 09:22:14",1
"2002-05-05 16:16:21",1
"2002-05-08 02:00:20",1
"2002-05-08 02:29:42",1
"2002-05-08 10:23:37",1
"2002-05-09 01:49:39",1
"2002-05-09 06:11:31",1
"2002-05-09 16:00:23",1
"2002-05-11 02:27:00",1
"2002-05-13 12:32:58",1
"2002-05-13 17:50:04",1
"2002-05-13 23:39:00",1
"2002-05-14 07:28:56",1
"2002-05-14 23:32:38",1
"2002-05-16 11:19:44",1
"2002-05-16 14:11:47",1
"2002-05-16 18:02:10",1
"2002-05-17 10:46:52",1
"2002-05-17 15:56:46",1
"2002-05-18 19:29:50",1
"2002-05-19 02:12:57",1
"2002-05-19 10:45:57",1
"2002-05-19 10:47:58",1
"2002-05-19 12:21:06",1
"2002-05-21 20:53:30",1
"2002-05-23 04:48:02",1
"2002-05-27 20:21:38",1
"2002-05-28 08:26:42",1
"2002-05-30 17:18:03",1
"2002-05-30 21:57:59",1
"2002-06-01 02:03:46",1
"2002-06-01 04:44:10",1
"2002-06-05 02:36:38",1
"2002-06-06 05:10:01",1
"2002-06-06 22:35:43",1
"2002-06-07 10:49:41",1
"2002-06-10 05:20:41",1
"2002-06-14 17:26:39",1
"2002-06-15 10:02:30",1
"2002-06-17 04:43:54",1
"2002-06-17 06:06:59",1
"2002-06-19 01:18:47",1
"2002-06-22 22:38:35",1
"2002-06-25 19:01:11",1
"2002-06-26 00:22:59",1
"2002-06-26 04:31:36",1
"2002-06-26 12:29:06",1
"2002-06-28 19:23:25",1
"2002-06-29 16:39:15",1
"2002-06-30 01:14:21",1
"2002-06-30 20:51:46",1
"2002-07-01 01:16:24",1
"2002-07-03 05:21:43",1
"2002-07-04 06:12:26",1
"2002-07-04 12:09:36",1
"2002-07-04 16:43:56",1
"2002-07-04 22:42:46",1
"2002-07-04 23:31:13",1
"2002-07-05 01:13:03",1
"2002-07-05 03:49:18",1
"2002-07-05 10:41:53",1
"2002-07-06 01:37:08",1
"2002-07-06 17:32:38",1
"2002-07-07 06:15:03",1
"2002-07-09 22:39:15",1
"2002-07-09 23:38:27",1
"2002-07-10 00:57:31",1
"2002-07-10 15:05:26",1
"2002-07-14 18:20:04",1
"2002-07-14 22:55:25",1
"2002-07-17 03:29:46",1
"2002-07-17 04:08:08",1
"2002-07-20 06:53:47",1
"2002-07-22 04:51:20",1
"2002-07-24 09:00:08",1
"2002-07-24 10:26:19",1
"2002-07-25 11:34:49",1
"2002-07-25 21:37:34",1
"2002-07-26 16:09:43",1
"2002-07-26 22:47:20",1
"2002-07-27 15:25:17",1
"2002-07-27 23:56:53",1
"2002-07-28 14:33:44",1
"2002-07-28 17:16:30",1
"2002-07-31 04:05:54",1
"2002-07-31 08:25:08",1
"2002-08-01 00:22:01",1
"2002-08-01 16:04:32",1
"2002-08-01 20:50:22",1
"2002-08-02 16:24:32",1
"2002-08-03 05:45:39",1
"2002-08-03 08:43:57",1
"2002-08-03 10:44:44",1
"2002-08-04 06:13:16",1
"2002-08-05 01:12:48",1
"2002-08-05 07:15:33",1
"2002-08-06 22:04:38",1
"2002-08-07 05:32:08",1
"2002-08-07 13:32:40",1
"2002-08-08 13:28:29",1
"2002-08-10 12:43:36",1
"2002-08-14 21:01:23",1
"2002-08-14 22:27:28",1
"2002-08-14 22:51:35",1
"2002-08-15 09:58:38",1
"2002-08-19 12:24:58",1
"2002-08-21 02:49:15",1
"2002-08-21 02:55:22",1
"2002-08-21 11:14:23",1
"2002-08-22 11:39:52",1
"2002-08-22 11:44:01",1
"2002-08-22 19:51:09",1
"2002-08-23 11:17:36",1
"2002-08-26 13:18:51",1
"2002-08-26 18:37:14",1
"2002-08-27 23:39:20",1
"2002-08-27 23:41:10",1
"2002-08-31 01:49:32",1
"2002-08-31 14:30:44",1
"2002-09-01 05:26:53",1
"2002-09-01 06:04:31",1
"2002-09-02 09:23:42",1
"2002-09-02 18:56:02",1
"2002-09-04 07:24:46",1
"2002-09-04 13:35:48",1
"2002-09-04 17:12:24",1
"2002-09-04 18:21:39",1
"2002-09-05 02:19:07",1
"2002-09-05 22:19:51",1
"2002-09-06 05:05:00",1
"2002-09-06 13:33:58",1
"2002-09-07 04:48:37",1
"2002-09-07 23:15:23",1
"2002-09-08 16:14:35",1
"2002-09-09 06:06:34",1
"2002-09-09 12:17:02",1
"2002-09-10 18:39:14",1
"2002-09-11 03:02:06",1
"2002-09-11 12:10:19",1
"2002-09-11 22:42:41",1
"2002-09-14 19:50:16",1
"2002-09-14 23:12:33",1
"2002-09-16 22:44:04",1
"2002-09-17 10:16:05",1
"2002-09-17 17:17:08",1
"2002-09-18 11:10:09",1
"2002-09-18 21:40:38",1
"2002-09-19 04:37:20",1
"2002-09-19 09:19:42",1
"2002-09-19 12:12:21",1
"2002-09-20 05:16:58",1
"2002-09-20 06:11:29",1
"2002-09-21 00:14:07",1
"2002-09-21 07:44:37",1
"2002-09-22 11:42:55",1
"2002-09-22 12:09:46",1
"2002-09-22 12:59:00",1
"2002-09-24 15:21:59",1
"2002-09-25 18:46:07",1
"2002-09-25 21:17:00",1
"2002-09-26 20:43:39",1
"2002-09-28 16:37:13",1
"2002-09-30 19:58:12",1
"2002-09-30 20:44:00",1
"2002-10-02 04:31:41",1
"2002-10-02 22:15:12",1
"2002-10-03 00:28:46",1
"2002-10-03 05:04:51",1
"2002-10-04 05:13:20",1
"2002-10-05 04:51:01",1
"2002-10-06 04:59:54",1
"2002-10-06 11:17:49",1
"2002-10-08 02:33:19",1
"2002-10-08 04:40:46",1
"2002-10-08 08:48:25",1
"2002-10-08 09:46:03",1
"2002-10-10 09:25:21",1
"2002-10-10 22:43:34",1
"2002-10-12 05:58:54",1
"2002-10-13 14:51:46",1
"2002-10-14 23:17:55",1
"2002-10-15 19:24:40",1
"2002-10-15 19:32:54",1
"2002-10-16 23:14:04",1
"2002-10-17 14:38:38",1
"2002-10-17 20:23:07",1
"2002-10-18 19:32:22",1
"2002-10-19 01:11:37",1
"2002-10-19 04:58:38",1
"2002-10-19 09:55:42",1
"2002-10-20 04:36:53",1
"2002-10-20 07:43:16",1
"2002-10-20 07:55:00",1
"2002-10-21 04:36:29",1
"2002-10-24 15:15:35",1
"2002-10-25 08:37:45",1
"2002-10-25 13:13:06",1
"2002-10-26 18:03:31",1
"2002-10-28 09:30:49",1
"2002-10-29 05:52:08",1
"2002-10-31 14:51:55",1
"2002-11-02 02:24:14",1
"2002-11-02 03:13:11",1
"2002-11-02 17:10:29",1
"2002-11-02 19:21:45",1
"2002-11-02 23:07:01",1
"2002-11-02 23:47:46",1
"2002-11-06 06:02:14",1
"2002-11-06 09:12:46",1
"2002-11-08 13:06:24",1
"2002-11-09 17:01:52",1
"2002-11-09 21:49:47",1
"2002-11-10 06:48:46",1
"2002-11-10 08:17:30",1
"2002-11-10 19:35:14",1
"2002-11-10 21:43:46",1
"2002-11-15 09:58:39",1
"2002-11-16 02:35:16",1
"2002-11-16 04:45:04",1
"2002-11-17 03:15:09",1
"2002-11-17 18:24:59",1
"2002-11-18 19:04:19",1
"2002-11-20 19:59:28",1
"2002-11-23 01:14:30",1
"2002-11-23 01:49:33",1
"2002-11-23 03:39:55",1
"2002-11-24 19:14:48",1
"2002-11-25 11:58:07",1
"2002-11-26 03:15:38",1
"2002-11-26 03:49:43",1
"2002-11-27 07:17:11",1
"2002-11-29 07:09:43",1
"2002-12-02 04:58:56",1
"2002-12-02 05:28:12",1
"2002-12-02 14:18:18",1
"2002-12-03 00:38:57",1
"2002-12-04 12:34:12",1
"2002-12-04 22:35:15",1
"2002-12-04 23:37:56",1
"2002-12-06 12:23:08",1
"2002-12-06 19:42:07",1
"2002-12-09 09:35:02",1
"2002-12-11 15:52:17",1
"2002-12-13 01:19:46",1
"2002-12-17 09:01:18",1
"2002-12-17 10:07:11",1
"2002-12-17 17:18:32",1
"2002-12-17 21:28:13",1
"2002-12-17 22:33:27",1
"2002-12-18 00:38:36",1
"2002-12-19 19:55:15",1
"2002-12-20 03:44:15",1
"2002-12-20 03:50:58",1
"2002-12-22 21:42:15",1
"2002-12-23 03:22:40",1
"2002-12-23 04:02:35",1
"2002-12-27 15:23:25",1
"2002-12-28 03:39:21",1
"2002-12-29 07:58:09",1
"2002-12-31 19:57:51",1
"2002-12-31 20:28:33",1
"2002-12-31 20:47:03",1
"2002-12-31 21:22:21",1
"2003-01-01 08:36:10",1
"2003-01-02 03:12:29",1
"2003-01-03 05:47:03",1
"2003-01-04 20:00:32",1
"2003-01-05 00:46:44",1
"2003-01-05 12:22:47",1
"2003-01-05 13:44:22",1
"2003-01-06 10:33:52",1
"2003-01-07 01:14:59",1
"2003-01-07 13:09:57",1
"2003-01-08 18:02:03",1
"2003-01-10 03:00:56",1
"2003-01-14 08:03:08",1
"2003-01-14 19:02:38",1
"2003-01-15 14:48:42",1
"2003-01-16 02:17:55",1
"2003-01-16 11:27:29",1
"2003-01-16 11:32:28",1
"2003-01-17 06:32:28",1
"2003-01-20 06:11:47",1
"2003-01-21 06:46:31",1
"2003-01-21 08:08:51",1
"2003-01-21 15:49:19",1
"2003-01-22 03:27:43",1
"2003-01-24 01:25:09",1
"2003-01-24 12:42:34",1
"2003-01-26 12:05:21",1
"2003-01-27 13:42:52",1
"2003-01-30 20:20:03",1
"2003-01-30 21:46:33",1
"2003-02-01 11:08:54",1
"2003-02-02 12:25:49",1
"2003-02-03 15:10:59",1
"2003-02-05 12:01:54",1
"2003-02-05 22:39:04",1
"2003-02-07 15:51:30",1
"2003-02-07 17:03:38",1
"2003-02-09 09:47:38",1
"2003-02-09 18:09:15",1
"2003-02-09 22:13:57",1
"2003-02-10 00:00:27",1
"2003-02-10 17:13:42",1
"2003-02-10 17:13:45",1
"2003-02-10 18:56:07",1
"2003-02-11 04:09:50",1
"2003-02-11 06:37:25",1
"2003-02-15 14:04:04",1
"2003-02-18 21:13:33",1
"2003-02-20 08:51:57",1
"2003-02-20 17:33:11",1
"2003-02-21 00:30:44",1
"2003-02-22 06:32:51",1
"2003-02-23 00:47:49",1
"2003-02-23 20:10:05",1
"2003-02-24 00:19:35",1
"2003-02-24 04:52:08",1
"2003-02-24 07:30:40",1
"2003-02-24 13:10:55",1
"2003-02-24 20:22:23",1
"2003-02-25 16:07:25",1
"2003-02-26 03:45:55",1
"2003-02-26 04:42:39",1
"2003-02-26 04:56:40",1
"2003-02-26 07:40:31",1
"2003-02-27 12:42:24",1
"2003-03-01 04:06:05",1
"2003-03-07 10:33:27",1
"2003-03-08 08:23:47",1
"2003-03-14 03:35:35",1
"2003-03-17 14:30:04",1
"2003-03-19 09:28:59",1
"2003-03-19 21:50:54",1
"2003-03-20 12:25:36",1
"2003-03-21 15:55:37",1
"2003-03-22 01:18:20",1
"2003-03-27 04:35:40",1
"2003-03-27 19:10:43",1
"2003-03-28 18:38:19",1
"2003-03-30 22:41:22",1
"2003-04-01 20:37:40",1
"2003-04-03 13:51:14",1
"2003-04-05 15:17:38",1
"2003-04-06 19:07:44",1
"2003-04-09 22:24:58",1
"2003-04-09 22:46:42",1
"2003-04-10 00:22:11",1
"2003-04-10 00:40:16",1
"2003-04-10 00:53:49",1
"2003-04-10 01:16:16",1
"2003-04-10 01:32:19",1
"2003-04-10 03:03:51",1
"2003-04-10 08:03:42",1
"2003-04-10 18:04:34",1
"2003-04-11 06:43:33",1
"2003-04-11 06:58:12",1
"2003-04-11 23:53:47",1
"2003-04-12 02:25:09",1
"2003-04-12 07:52:21",1
"2003-04-13 12:21:49",1
"2003-04-17 22:34:22",1
"2003-04-17 23:44:41",1
"2003-04-18 06:49:04",1
"2003-04-18 18:39:32",1
"2003-04-18 19:11:50",1
"2003-04-19 20:55:53",1
"2003-04-21 06:03:55",1
"2003-04-21 07:16:07",1
"2003-04-24 10:18:42",1
"2003-04-24 23:43:59",1
"2003-04-29 01:51:20",1
"2003-05-01 05:27:38",1
"2003-05-01 20:04:48",1
"2003-05-01 20:13:20",1
"2003-05-02 21:59:55",1
"2003-05-03 18:36:02",1
"2003-05-04 02:24:52",1
"2003-05-04 11:00:34",1
"2003-05-04 21:48:49",1
"2003-05-07 13:10:54",1
"2003-05-08 18:35:27",1
"2003-05-09 02:10:59",1
"2003-05-09 06:48:17",1
"2003-05-09 22:05:54",1
"2003-05-10 06:11:17",1
"2003-05-11 10:58:13",1
"2003-05-12 02:16:54",1
"2003-05-15 19:34:23",1
"2003-05-15 22:26:44",1
"2003-05-18 02:05:12",1
"2003-05-19 22:16:06",1
"2003-05-20 02:33:40",1
"2003-05-24 10:17:50",1
"2003-05-26 12:34:43",1
"2003-05-28 04:57:34",1
"2003-05-29 11:38:09",1
"2003-05-29 20:16:15",1
"2003-06-01 01:37:18",1
"2003-06-03 13:02:23",1
"2003-06-05 04:34:08",1
"2003-06-05 07:20:09",1
"2003-06-08 02:16:52",1
"2003-06-08 05:49:06",1
"2003-06-08 14:16:34",1
"2003-06-08 18:13:59",1
"2003-06-09 07:06:40",1
"2003-06-09 09:14:41",1
"2003-06-09 17:44:06",1
"2003-06-09 21:12:29",1
"2003-06-10 01:01:51",1
"2003-06-11 17:13:02",1
"2003-06-12 00:10:39",1
"2003-06-12 17:37:47",1
"2003-06-12 23:43:59",1
"2003-06-13 10:28:56",1
"2003-06-13 16:06:34",1
"2003-06-13 16:30:29",1
"2003-06-13 19:37:59",1
"2003-06-13 20:22:02",1
"2003-06-14 06:06:06",1
"2003-06-14 09:39:48",1
"2003-06-15 08:26:39",1
"2003-06-15 08:31:55",1
"2003-06-15 18:22:28",1
"2003-06-15 23:16:25",1
"2003-06-16 05:14:59",1
"2003-06-16 08:27:52",1
"2003-06-16 12:22:08",1
"2003-06-16 13:09:27",1
"2003-06-16 13:30:39",1
"2003-06-16 17:24:39",1
"2003-06-16 21:20:56",1
"2003-06-17 15:43:51",1
"2003-06-18 05:25:01",1
"2003-06-18 07:50:41",1
"2003-06-18 10:01:51",1
"2003-06-19 01:00:03",1
"2003-06-19 01:03:56",1
"2003-06-19 03:38:21",1
"2003-06-22 21:27:40",1
"2003-06-22 23:46:17",1
"2003-06-24 06:48:48",1
"2003-06-26 13:45:57",1
"2003-06-27 08:29:38",1
"2003-06-28 16:24:36",1
"2003-06-29 06:15:20",1
"2003-06-29 09:49:22",1
"2003-06-29 10:17:38",1
"2003-06-29 11:08:49",1
"2003-07-01 06:22:50",1
"2003-07-02 01:43:39",1
"2003-07-02 20:44:06",1
"2003-07-03 21:58:14",1
"2003-07-04 03:24:37",1
"2003-07-04 09:07:44",1
"2003-07-04 14:10:45",1
"2003-07-04 14:35:45",1
"2003-07-05 03:23:39",1
"2003-07-05 03:56:53",1
"2003-07-05 10:53:04",1
"2003-07-05 21:58:29",1
"2003-07-06 19:10:28",1
"2003-07-06 19:39:50",1
"2003-07-06 20:10:16",1
"2003-07-06 20:48:53",1
"2003-07-06 22:05:48",1
"2003-07-06 22:42:08",1
"2003-07-07 00:24:08",1
"2003-07-07 03:16:13",1
"2003-07-09 22:01:58",1
"2003-07-09 22:08:51",1
"2003-07-09 22:31:40",1
"2003-07-10 01:26:17",1
"2003-07-10 09:01:17",1
"2003-07-10 21:49:42",1
"2003-07-11 02:49:51",1
"2003-07-11 11:52:25",1
"2003-07-11 23:51:14",1
"2003-07-12 23:15:11",1
"2003-07-13 05:09:52",1
"2003-07-13 06:32:08",1
"2003-07-14 23:33:00",1
"2003-07-16 19:58:16",1
"2003-07-17 20:52:44",1
"2003-07-18 01:43:23",1
"2003-07-23 04:56:01",1
"2003-07-24 04:58:54",1
"2003-07-25 03:28:47",1
"2003-07-26 01:00:58",1
"2003-07-26 08:36:49",1
"2003-07-26 13:31:35",1
"2003-07-26 18:23:08",1
"2003-07-26 18:24:12",1
"2003-07-26 18:33:36",1
"2003-07-27 16:38:47",1
"2003-07-28 17:19:09",1
"2003-07-28 22:36:54",1
"2003-07-29 09:10:34",1
"2003-07-29 22:44:10",1
"2003-07-30 03:32:09",1
"2003-07-30 09:56:26",1
"2003-07-30 19:10:06",1
"2003-07-30 21:09:32",1
"2003-08-02 08:44:28",1
"2003-08-03 16:54:20",1
"2003-08-05 00:12:42",1
"2003-08-05 06:05:11",1
"2003-08-05 23:41:28",1
"2003-08-09 23:16:35",1
"2003-08-10 09:27:54",1
"2003-08-12 08:21:54",1
"2003-08-14 02:02:15",1
"2003-08-14 05:14:53",1
"2003-08-14 05:26:21",1
"2003-08-14 05:32:24",1
"2003-08-14 05:42:10",1
"2003-08-14 06:21:51",1
"2003-08-14 07:06:38",1
"2003-08-14 08:41:39",1
"2003-08-14 09:03:06",1
"2003-08-14 10:01:15",1
"2003-08-14 10:06:17",1
"2003-08-14 11:52:56",1
"2003-08-14 12:04:58",1
"2003-08-14 12:18:15",1
"2003-08-14 15:08:58",1
"2003-08-14 16:18:03",1
"2003-08-14 16:37:39",1
"2003-08-14 16:55:21",1
"2003-08-14 20:46:54",1
"2003-08-14 20:57:18",1
"2003-08-14 21:52:22",1
"2003-08-15 00:38:21",1
"2003-08-15 03:41:23",1
"2003-08-15 15:26:29",1
"2003-08-15 16:07:41",1
"2003-08-15 16:10:52",1
"2003-08-15 16:34:15",1
"2003-08-16 13:04:13",1
"2003-08-16 14:49:13",1
"2003-08-16 14:59:07",1
"2003-08-16 15:28:56",1
"2003-08-16 17:53:32",1
"2003-08-16 22:38:16",1
"2003-08-17 15:37:15",1
"2003-08-17 16:56:23",1
"2003-08-17 16:58:11",1
"2003-08-18 06:32:03",1
"2003-08-18 06:42:01",1
"2003-08-18 12:00:25",1
"2003-08-19 05:34:15",1
"2003-08-19 10:18:47",1
"2003-08-20 00:34:14",1
"2003-08-21 00:07:40",1
"2003-08-22 03:54:18",1
"2003-08-22 11:33:14",1
"2003-08-23 14:09:21",1
"2003-08-24 13:10:10",1
"2003-08-24 21:05:32",1
"2003-08-26 20:33:59",1
"2003-08-28 01:16:27",1
"2003-08-29 11:47:25",1
"2003-08-29 23:33:04",1
"2003-08-30 13:45:49",1
"2003-08-30 19:21:16",1
"2003-08-31 00:03:41",1
"2003-08-31 07:50:57",1
"2003-08-31 13:38:48",1
"2003-09-01 07:01:00",1
"2003-09-01 13:58:40",1
"2003-09-01 19:30:17",1
"2003-09-02 09:38:34",1
"2003-09-02 17:18:05",1
"2003-09-02 09:38:34",1
"2003-09-02 17:18:05",1
"2003-09-04 14:45:45",1
"2003-09-05 13:36:18",1
"2003-09-05 23:30:09",1
"2003-09-07 21:02:57",1
"2003-09-07 23:09:57",1
"2003-09-13 13:46:15",1
"2003-09-15 20:13:16",1
"2003-09-23 02:35:27",1
"2003-09-25 13:01:27",1
"2003-09-26 18:54:04",1
"2003-09-27 12:39:02",1
"2003-09-29 08:48:06",1
"2003-09-30 05:56:33",1
"2003-09-30 06:48:38",1
"2003-09-30 16:46:11",1
"2003-10-01 08:26:29",1
"2003-10-04 18:57:03",1
"2003-10-05 00:19:50",1
"2003-10-05 13:02:01",1
"2003-10-09 13:38:01",1
"2003-10-11 01:46:00",1
"2003-10-11 21:13:43",1
"2003-10-13 02:35:33",1
"2003-10-14 20:51:48",1
"2003-10-16 11:28:47",1
"2003-10-16 22:44:39",1
"2003-10-17 00:48:59",1
"2003-10-17 12:57:08",1
"2003-10-17 13:22:15",1
"2003-10-17 23:52:57",1
"2003-10-19 22:42:03",1
"2003-10-20 05:36:32",1
"2003-10-20 06:22:07",1
"2003-10-22 15:50:44",1
"2003-10-27 03:05:21",1
"2003-10-27 13:31:02",1
"2003-10-28 07:00:33",1
"2003-10-29 17:13:49",1
"2003-10-29 21:15:47",1
"2003-10-30 23:16:19",1
"2003-10-31 02:33:10",1
"2003-11-01 02:11:11",1
"2003-11-01 06:44:51",1
"2003-11-02 17:15:00",1
"2003-11-05 07:56:02",1
"2003-11-10 09:09:46",1
"2003-11-13 04:57:31",1
"2003-11-13 21:02:30",1
"2003-11-14 17:56:30",1
"2003-11-16 07:22:49",1
"2003-11-16 18:30:48",1
"2003-11-16 18:44:18",1
"2003-11-16 18:54:46",1
"2003-11-17 15:42:17",1
"2003-11-17 17:04:47",1
"2003-11-17 23:43:40",1
"2003-11-18 06:09:06",1
"2003-11-18 18:32:16",1
"2003-11-18 18:36:19",1
"2003-11-18 20:28:40",1
"2003-11-19 16:07:00",1
"2003-11-19 23:20:10",1
"2003-11-21 01:19:22",1
"2003-11-23 05:36:44",1
"2003-11-23 23:42:53",1
"2003-11-23 23:50:12",1
"2003-11-24 04:29:12",1
"2003-11-24 05:28:53",1
"2003-11-24 15:51:07",1
"2003-11-25 00:47:41",1
"2003-11-25 01:48:58",1
"2003-11-25 01:53:43",1
"2003-11-25 01:59:12",1
"2003-11-26 07:26:06",1
"2003-11-26 22:40:02",1
"2003-11-27 14:49:12",1
"2003-11-28 05:12:46",1
"2003-11-29 03:11:40",1
"2003-11-29 21:40:01",1
"2003-11-30 06:27:07",1
"2003-11-30 12:54:17",1
"2003-11-30 16:17:25",1
"2003-12-03 13:31:59",1
"2003-12-04 04:30:19",1
"2003-12-04 13:44:44",1
"2003-12-05 03:31:49",1
"2003-12-05 04:47:31",1
"2003-12-06 20:00:45",1
"2003-12-07 13:41:43",1
"2003-12-07 15:40:17",1
"2003-12-10 01:49:03",1
"2003-12-10 05:42:23",1
"2003-12-10 14:14:58",1
"2003-12-10 17:47:48",1
"2003-12-11 12:41:35",1
"2003-12-11 22:10:27",1
"2003-12-12 19:12:38",1
"2003-12-12 22:39:18",1
"2003-12-13 07:48:43",1
"2003-12-13 15:19:10",1
"2003-12-14 06:44:40",1
"2003-12-16 10:41:09",1
"2003-12-17 23:29:06",1
"2003-12-18 00:08:43",1
"2003-12-19 09:51:25",1
"2003-12-25 06:50:12",1
"2003-12-25 18:51:21",1
"2003-12-27 07:35:45",1
"2003-12-27 21:27:38",1
"2003-12-28 22:47:26",1
"2003-12-29 19:27:55",1
"2003-12-31 13:38:21",1
"2004-01-01 07:07:04",1
"2004-01-02 19:23:57",1
"2004-01-02 22:12:08",1
"2004-01-03 17:18:54",1
"2004-01-04 11:21:42",1
"2004-01-05 17:34:58",1
"2004-01-09 04:49:09",1
"2004-01-10 04:19:15",1
"2004-01-13 20:48:58",1
"2004-01-14 05:13:12",1
"2004-01-16 14:55:22",1
"2004-01-16 17:10:25",1
"2004-01-16 22:58:16",1
"2004-01-17 11:46:38",1
"2004-01-18 12:43:35",1
"2004-01-18 20:24:23",1
"2004-01-22 19:37:06",1
"2004-01-22 23:30:37",1
"2004-01-27 06:24:05",1
"2004-01-29 03:06:43",1
"2004-01-29 06:34:35",1
"2004-01-29 13:12:18",1
"2004-01-31 20:03:09",1
"2004-02-04 05:36:11",1
"2004-02-05 02:51:39",1
"2004-02-05 20:52:07",1
"2004-02-06 19:13:32",1
"2004-02-06 19:15:41",1
"2004-02-06 19:20:22",1
"2004-02-07 21:17:24",1
"2004-02-07 21:40:20",1
"2004-02-09 03:48:12",1
"2004-02-11 00:52:30",1
"2004-02-12 21:50:06",1
"2004-02-15 03:08:21",1
"2004-02-15 07:15:56",1
"2004-02-17 08:54:08",1
"2004-02-17 15:56:47",1
"2004-02-18 03:20:53",1
"2004-02-18 04:54:00",1
"2004-02-19 04:09:51",1
"2004-02-27 06:46:34",1
"2004-03-01 00:35:57",1
"2004-03-11 12:54:58",1
"2004-03-12 01:52:19",1
"2004-03-14 05:00:18",1
"2004-03-15 08:35:22",1
"2004-03-16 06:34:31",1
"2004-03-17 03:38:41",1
"2004-03-17 05:20:58",1
"2004-03-18 01:13:00",1
"2004-03-18 01:57:13",1
"2004-03-18 04:55:28",1
"2004-03-18 15:14:27",1
"2004-03-20 16:23:41",1
"2004-03-21 02:33:31",1
"2004-03-21 03:18:53",1
"2004-03-22 09:52:14",1
"2004-03-24 04:38:40",1
"2004-03-25 20:40:53",1
"2004-03-25 20:51:15",1
"2004-03-25 23:45:11",1
"2004-03-27 00:00:39",1
"2004-03-27 02:56:19",1
"2004-03-27 10:39:24",1
"2004-03-28 14:54:36",1
"2004-03-30 08:07:34",1
"2004-04-04 01:09:43",1
"2004-04-05 17:13:09",1
"2004-04-06 08:47:15",1
"2004-04-07 01:32:28",1
"2004-04-09 09:35:00",1
"2004-04-12 00:00:08",1
"2004-04-12 22:29:00",1
"2004-04-15 13:54:23",1
"2004-04-19 05:18:12",1
"2004-04-19 15:27:12",1
"2004-04-19 23:00:44",1
"2004-04-21 01:05:00",1
"2004-04-21 10:38:36",1
"2004-04-23 20:55:38",1
"2004-04-26 13:22:21",1
"2004-04-26 16:57:39",1
"2004-04-26 18:46:18",1
"2004-04-28 00:38:04",1
"2004-04-28 07:26:58",1
"2004-04-29 18:27:45",1
"2004-04-30 19:13:43",1
"2004-05-01 05:55:02",1
"2004-05-03 16:24:18",1
"2004-05-07 22:28:19",1
"2004-05-11 20:04:05",1
"2004-05-12 03:23:16",1
"2004-05-12 20:34:29",1
"2004-05-12 20:53:04",1
"2004-05-13 01:47:21",1
"2004-05-14 21:34:08",1
"2004-05-20 05:59:32",1
"2004-05-20 17:15:24",1
"2004-05-21 02:26:38",1
"2004-05-22 14:04:35",1
"2004-05-24 23:54:56",1
"2004-05-25 05:34:25",1
"2004-05-30 06:59:07",1
"2004-05-30 21:23:29",1
"2004-05-30 21:35:37",1
"2004-05-30 21:44:12",1
"2004-05-31 03:06:30",1
"2004-05-31 06:30:39",1
"2004-05-31 18:00:42",1
"2004-06-04 12:58:49",1
"2004-06-04 19:45:05",1
"2004-06-07 00:55:52",1
"2004-06-07 14:54:49",1
"2004-06-12 11:45:22",1
"2004-06-12 17:46:05",1
"2004-06-13 06:45:16",1
"2004-06-13 06:48:33",1
"2004-06-14 04:06:40",1
"2004-06-15 12:02:38",1
"2004-06-17 11:58:24",1
"2004-06-17 21:35:20",1
"2004-06-19 08:08:50",1
"2004-06-19 21:27:26",1
"2004-06-19 21:44:48",1
"2004-06-20 00:35:26",1
"2004-06-24 19:25:57",1
"2004-06-25 04:30:45",1
"2004-06-25 09:00:15",1
"2004-06-26 18:23:57",1
"2004-06-27 01:56:58",1
"2004-06-27 10:40:25",1
"2004-06-27 15:31:46",1
"2004-06-27 22:37:18",1
"2004-06-28 10:24:13",1
"2004-06-28 17:44:31",1
"2004-06-29 02:11:52",1
"2004-06-29 10:15:13",1
"2004-06-29 14:59:02",1
"2004-06-29 22:03:47",1
"2004-06-30 20:08:33",1
"2004-06-30 23:20:28",1
"2004-07-01 10:49:59",1
"2004-07-03 16:33:37",1
"2004-07-03 18:35:59",1
"2004-07-06 17:57:10",1
"2004-07-08 18:49:00",1
"2004-07-09 13:41:16",1
"2004-07-12 11:26:29",1
"2004-07-15 00:40:35",1
"2004-07-15 07:37:45",1
"2004-07-15 10:35:12",1
"2004-07-15 21:33:32",1
"2004-07-15 21:47:24",1
"2004-07-15 21:59:08",1
"2004-07-24 15:39:22",1
"2004-07-24 19:00:56",1
"2004-07-24 22:15:19",1
"2004-07-25 16:37:37",1
"2004-07-25 22:35:41",1
"2004-07-25 23:09:46",1
"2004-07-26 08:26:11",1
"2004-07-27 12:42:05",1
"2004-07-27 16:30:30",1
"2004-07-27 18:27:14",1
"2004-07-28 04:05:51",1
"2004-07-29 05:35:03",1
"2004-07-30 04:53:39",1
"2004-07-31 00:12:21",1
"2004-07-31 03:50:07",1
"2004-07-31 16:28:45",1
"2004-08-01 14:58:39",1
"2004-08-01 19:27:18",1
"2004-08-03 05:33:36",1
"2004-08-03 09:41:14",1
"2004-08-03 11:53:08",1
"2004-08-03 13:11:30",1
"2004-08-03 14:17:50",1
"2004-08-03 21:37:42",1
"2004-08-04 03:01:07",1
"2004-08-04 03:17:56",1
"2004-08-04 03:49:33",1
"2004-08-04 04:02:41",1
"2004-08-04 04:19:47",1
"2004-08-04 04:26:22",1
"2004-08-04 05:46:12",1
"2004-08-04 06:45:44",1
"2004-08-04 09:01:54",1
"2004-08-04 14:18:47",1
"2004-08-04 15:59:39",1
"2004-08-05 07:11:13",1
"2004-08-05 07:13:36",1
"2004-08-05 10:30:07",1
"2004-08-06 12:08:09",1
"2004-08-07 03:51:45",1
"2004-08-09 01:21:58",1
"2004-08-09 04:39:32",1
"2004-08-09 16:09:16",1
"2004-08-09 19:24:08",1
"2004-08-10 09:42:59",1
"2004-08-10 10:25:52",1
"2004-08-11 17:39:13",1
"2004-08-13 15:13:44",1
"2004-08-18 14:35:57",1
"2004-08-18 14:38:59",1
"2004-08-18 22:02:12",1
"2004-08-18 22:25:44",1
"2004-08-18 23:06:36",1
"2004-08-18 23:09:55",1
"2004-08-19 14:08:23",1
"2004-08-20 11:12:17",1
"2004-08-21 12:54:03",1
"2004-08-24 12:38:50",1
"2004-08-24 12:42:53",1
"2004-08-25 22:41:18",1
"2004-08-26 08:08:14",1
"2004-08-27 01:04:03",1
"2004-08-28 22:16:47",1
"2004-08-30 04:25:31",1
"2004-08-30 12:59:09",1
"2004-08-30 19:06:41",1
"2004-09-02 01:43:04",1
"2004-09-02 14:36:55",1
"2004-09-03 11:21:18",1
"2004-09-05 11:18:56",1
"2004-09-09 09:33:21",1
"2004-09-10 17:46:10",1
"2004-09-10 20:34:24",1
"2004-09-12 16:41:18",1
"2004-09-14 13:56:30",1
"2004-09-14 20:50:25",1
"2004-09-15 10:10:29",1
"2004-09-15 13:38:57",1
"2004-09-16 01:24:16",1
"2004-09-17 16:45:09",1
"2004-09-20 09:09:11",1
"2004-09-21 00:50:14",1
"2004-09-21 14:15:04",1
"2004-09-25 11:14:10",1
"2004-09-25 12:26:14",1
"2004-09-26 03:06:01",1
"2004-09-26 09:11:26",1
"2004-09-26 20:01:45",1
"2004-10-01 18:15:57",1
"2004-10-02 18:59:24",1
"2004-10-03 01:21:56",1
"2004-10-03 08:06:58",1
"2004-10-05 06:03:37",1
"2004-10-05 10:41:30",1
"2004-10-05 17:25:49",1
"2004-10-07 01:05:13",1
"2004-10-07 07:16:55",1
"2004-10-08 00:47:51",1
"2004-10-08 10:20:17",1
"2004-10-08 13:52:37",1
"2004-10-08 13:53:32",1
"2004-10-08 17:03:16",1
"2004-10-08 21:09:48",1
"2004-10-09 02:26:24",1
"2004-10-10 12:58:24",1
"2004-10-11 12:22:06",1
"2004-10-13 05:36:22",1
"2004-10-13 11:12:03",1
"2004-10-14 04:28:08",1
"2004-10-21 23:14:55",1
"2004-10-24 09:51:57",1
"2004-10-24 21:39:43",1
"2004-10-25 03:45:37",1
"2004-10-26 14:13:20",1
"2004-10-26 23:33:27",1
"2004-10-27 00:14:54",1
"2004-10-28 00:46:34",1
"2004-10-28 17:15:33",1
"2004-10-29 03:00:27",1
"2004-10-29 23:30:34",1
"2004-11-04 06:22:37",1
"2004-11-05 17:30:19",1
"2004-11-08 04:06:55",1
"2004-11-10 16:42:32",1
"2004-11-15 14:16:12",1
"2004-11-18 00:21:59",1
"2004-11-18 17:54:25",1
"2004-11-21 03:21:41",1
"2004-11-21 20:49:46",1
"2004-11-22 19:13:32",1
"2004-11-22 22:55:34",1
"2004-11-23 02:26:12",1
"2004-11-23 02:59:17",1
"2004-11-24 23:55:24",1
"2004-11-26 20:04:38",1
"2004-11-27 10:55:19",1
"2004-11-27 23:57:36",1
"2004-11-29 06:23:53",1
"2004-11-29 10:13:47",1
"2004-11-29 16:04:14",1
"2004-11-30 00:37:24",1
"2004-11-30 05:01:03",1
"2004-11-30 05:30:30",1
"2004-12-02 03:36:05",1
"2004-12-02 15:51:49",1
"2004-12-02 18:41:45",1
"2004-12-07 14:32:45",1
"2004-12-07 14:59:01",1
"2004-12-11 11:40:53",1
"2004-12-11 20:01:37",1
"2004-12-11 21:03:19",1
"2004-12-12 22:21:37",1
"2004-12-14 01:54:28",1
"2004-12-14 21:35:27",1
"2004-12-15 04:27:13",1
"2004-12-16 17:47:49",1
"2004-12-17 18:45:32",1
"2004-12-18 01:27:17",1
"2004-12-19 23:32:33",1
"2004-12-20 02:38:39",1
"2004-12-20 23:02:13",1
"2004-12-21 00:23:34",1
"2004-12-21 08:19:25",1
"2004-12-22 05:56:01",1
"2004-12-24 13:01:27",1
"2004-12-26 08:05:40",1
"2004-12-26 10:56:26",1
"2004-12-28 15:37:55",1
"2004-12-28 20:34:10",1
"2004-12-29 16:03:23",1
"2004-12-30 01:43:12",1
"2004-12-30 07:35:35",1
"2004-12-30 10:32:00",1
"2004-12-30 22:15:08",1
"2005-01-03 21:44:28",1
"2005-01-08 14:18:54",1
"2005-01-10 01:12:22",1
"2005-01-10 23:48:49",1
"2005-01-10 23:50:27",1
"2005-01-11 00:02:17",1
"2005-01-11 00:18:41",1
"2005-01-11 04:35:57",1
"2005-01-11 08:33:35",1
"2005-01-11 09:18:12",1
"2005-01-12 11:25:41",1
"2005-01-12 14:08:47",1
"2005-01-12 15:53:03",1
"2005-01-13 00:35:50",1
"2005-01-13 01:11:28",1
"2005-01-13 11:00:46",1
"2005-01-13 13:37:21",1
"2005-01-13 13:39:03",1
"2005-01-13 16:12:42",1
"2005-01-14 02:19:21",1
"2005-01-14 17:00:10",1
"2005-01-14 17:13:50",1
"2005-01-14 17:33:52",1
"2005-01-15 13:58:49",1
"2005-01-16 03:21:11",1
"2005-01-17 15:56:16",1
"2005-01-18 17:27:33",1
"2005-01-19 18:34:16",1
"2005-01-20 23:27:37",1
"2005-01-21 00:54:51",1
"2005-01-21 13:55:27",1
"2005-01-22 19:53:30",1
"2005-01-23 20:54:56",1
"2005-01-24 06:07:27",1
"2005-01-24 07:53:29",1
"2005-01-26 14:43:27",1
"2005-01-26 14:56:43",1
"2005-01-26 15:02:36",1
"2005-01-26 15:04:55",1
"2005-01-26 16:09:17",1
"2005-01-26 22:11:00",1
"2005-01-26 22:53:14",1
"2005-01-28 00:17:38",1
"2005-01-29 11:35:35",1
"2005-01-29 14:48:02",1
"2005-01-29 18:52:27",1
"2005-01-29 19:03:53",1
"2005-01-31 01:05:29",1
"2005-01-31 05:50:27",1
"2005-01-31 17:09:35",1
"2005-02-01 00:48:22",1
"2005-02-01 17:48:05",1
"2005-02-01 18:52:16",1
"2005-02-02 13:35:41",1
"2005-02-03 04:10:39",1
"2005-02-05 10:37:42",1
"2005-02-05 22:04:29",1
"2005-02-08 16:38:29",1
"2005-02-09 14:38:35",1
"2005-02-12 01:47:19",1
"2005-02-12 12:13:44",1
"2005-02-18 06:19:34",1
"2005-02-19 11:49:16",1
"2005-02-19 17:38:32",1
"2005-02-20 15:38:14",1
"2005-02-21 00:33:18",1
"2005-02-23 20:15:22",1
"2005-03-01 07:38:43",1
"2005-03-07 20:14:40",1
"2005-03-09 08:11:39",1
"2005-03-09 08:18:47",1
"2005-03-09 13:44:05",1
"2005-03-16 13:53:43",1
"2005-03-16 15:33:41",1
"2005-03-16 23:31:06",1
"2005-03-17 05:01:37",1
"2005-03-17 05:03:53",1
"2005-03-18 14:38:26",1
"2005-03-18 17:03:56",1
"2005-03-19 12:20:43",1
"2005-03-20 00:51:01",1
"2005-03-20 19:20:18",1
"2005-03-21 00:29:24",1
"2005-03-21 05:47:04",1
"2005-03-22 18:30:14",1
"2005-03-23 01:21:41",1
"2005-03-23 23:12:36",1
"2005-03-24 18:45:43",1
"2005-03-24 21:53:10",1
"2005-03-27 09:32:16",1
"2005-03-28 22:30:01",1
"2005-03-31 14:35:07",1
"2005-03-31 21:27:07",1
"2005-04-07 08:12:42",1
"2005-04-09 19:28:20",1
"2005-04-10 13:37:12",1
"2005-04-12 18:18:25",1
"2005-04-16 01:47:58",1
"2005-04-17 00:32:27",1
"2005-04-20 07:52:39",1
"2005-04-21 18:35:46",1
"2005-04-22 07:48:16",1
"2005-04-25 14:59:09",1
"2005-04-26 22:18:21",1
"2005-04-26 23:13:53",1
"2005-04-29 11:12:34",1
"2005-04-30 04:54:17",1
"2005-04-30 19:00:39",1
"2005-05-01 03:44:29",1
"2005-05-01 10:28:23",1
"2005-05-01 20:33:59",1
"2005-05-01 20:46:38",1
"2005-05-02 21:30:49",1
"2005-05-03 00:47:33",1
"2005-05-03 00:52:30",1
"2005-05-03 10:04:39",1
"2005-05-03 17:39:54",1
"2005-05-04 18:55:19",1
"2005-05-04 19:22:58",1
"2005-05-04 19:22:59",1
"2005-05-05 14:10:38",1
"2005-05-08 21:20:02",1
"2005-05-09 22:35:00",1
"2005-05-11 10:05:02",1
"2005-05-13 22:30:29",1
"2005-05-14 17:48:44",1
"2005-05-14 18:00:28",1
"2005-05-16 04:27:01",1
"2005-05-16 14:24:10",1
"2005-05-17 22:24:13",1
"2005-05-23 01:12:37",1
"2005-05-24 05:50:54",1
"2005-05-27 01:16:39",1
"2005-05-28 10:43:40",1
"2005-05-29 08:27:19",1
"2005-05-29 08:55:35",1
"2005-05-30 09:20:08",1
"2005-05-31 08:39:53",1
"2005-06-01 18:53:44",1
"2005-06-03 01:51:57",1
"2005-06-03 18:54:32",1
"2005-06-04 01:51:52",1
"2005-06-04 10:55:09",1
"2005-06-07 09:09:10",1
"2005-06-07 09:35:31",1
"2005-06-08 06:04:50",1
"2005-06-08 16:50:04",1
"2005-06-11 03:38:51",1
"2005-06-12 07:34:52",1
"2005-06-14 07:31:46",1
"2005-06-14 16:27:28",1
"2005-06-15 13:38:27",1
"2005-06-17 02:47:54",1
"2005-06-17 19:22:09",1
"2005-06-17 23:52:11",1
"2005-06-18 16:13:50",1
"2005-06-18 22:55:17",1
"2005-06-20 16:53:16",1
"2005-06-21 23:06:34",1
"2005-06-22 10:17:57",1
"2005-06-23 11:55:39",1
"2005-06-23 22:44:16",1
"2005-06-23 23:25:06",1
"2005-06-24 04:27:08",1
"2005-06-24 14:20:10",1
"2005-06-26 20:07:26",1
"2005-06-27 02:58:14",1
"2005-06-28 10:41:41",1
"2005-06-30 03:01:32",1
"2005-06-30 21:34:53",1
"2005-07-01 16:18:32",1
"2005-07-02 01:09:22",1
"2005-07-02 17:35:17",1
"2005-07-03 00:18:08",1
"2005-07-03 16:15:27",1
"2005-07-03 18:38:06",1
"2005-07-03 22:39:22",1
"2005-07-04 00:23:10",1
"2005-07-04 01:27:03",1
"2005-07-06 23:26:08",1
"2005-07-07 11:45:09",1
"2005-07-08 05:41:01",1
"2005-07-08 18:08:22",1
"2005-07-09 14:37:19",1
"2005-07-10 12:25:55",1
"2005-07-11 03:23:30",1
"2005-07-11 09:46:19",1
"2005-07-11 17:20:31",1
"2005-07-11 18:37:20",1
"2005-07-11 22:22:07",1
"2005-07-15 05:55:15",1
"2005-07-16 23:34:57",1
"2005-07-18 04:02:52",1
"2005-07-18 04:09:37",1
"2005-07-18 09:02:58",1
"2005-07-19 11:58:53",1
"2005-07-20 06:15:54",1
"2005-07-20 08:18:45",1
"2005-07-23 01:33:14",1
"2005-07-23 13:09:27",1
"2005-07-25 02:34:07",1
"2005-07-25 04:38:24",1
"2005-07-25 19:41:55",1
"2005-07-28 14:38:20",1
"2005-07-28 14:48:34",1
"2005-07-30 11:25:15",1
"2005-07-31 08:35:38",1
"2005-07-31 15:54:29",1
"2005-08-01 00:30:36",1
"2005-08-01 13:35:00",1
"2005-08-02 18:11:40",1
"2005-08-03 05:49:30",1
"2005-08-03 23:52:59",1
"2005-08-04 05:47:39",1
"2005-08-04 10:45:30",1
"2005-08-04 17:37:22",1
"2005-08-08 02:05:49",1
"2005-08-08 06:49:48",1
"2005-08-10 17:17:42",1
"2005-08-11 16:03:07",1
"2005-08-12 18:53:14",1
"2005-08-12 22:41:03",1
"2005-08-14 00:46:38",1
"2005-08-15 02:03:25",1
"2005-08-15 03:49:07",1
"2005-08-15 18:56:32",1
"2005-08-15 22:33:39",1
"2005-08-16 05:27:46",1
"2005-08-16 06:08:31",1
"2005-08-16 23:48:18",1
"2005-08-17 17:23:54",1
"2005-08-18 09:58:42",1
"2005-08-19 01:08:49",1
"2005-08-20 06:09:43",1
"2005-08-20 09:05:44",1
"2005-08-20 10:08:47",1
"2005-08-24 03:06:19",1
"2005-08-24 07:13:43",1
"2005-08-24 14:16:54",1
"2005-08-25 12:31:22",1
"2005-08-26 05:29:39",1
"2005-08-26 23:16:51",1
"2005-08-29 04:48:14",1
"2005-08-30 17:34:59",1
"2005-08-30 17:39:46",1
"2005-09-01 22:12:08",1
"2005-09-07 08:48:52",1
"2005-09-07 08:57:43",1
"2005-09-07 12:40:58",1
"2005-09-07 13:22:49",1
"2005-09-07 19:34:33",1
"2005-09-08 01:47:14",1
"2005-09-11 08:17:16",1
"2005-09-12 19:08:29",1
"2005-09-12 19:20:32",1
"2005-09-12 19:26:34",1
"2005-09-12 21:30:51",1
"2005-09-12 22:21:37",1
"2005-09-13 04:41:16",1
"2005-09-14 20:12:21",1
"2005-09-15 03:30:21",1
"2005-09-16 08:08:44",1
"2005-09-16 10:00:27",1
"2005-09-17 18:43:50",1
"2005-09-18 18:19:13",1
"2005-09-19 22:17:16",1
"2005-09-19 23:23:53",1
"2005-09-20 13:14:21",1
"2005-09-20 13:14:21",1
"2005-09-20 18:05:12",1
"2005-09-21 06:09:49",1
"2005-09-23 11:01:42",1
"2005-09-27 04:56:18",1
"2005-09-28 01:47:06",1
"2005-10-02 09:40:50",1
"2005-10-06 06:50:38",1
"2005-10-08 10:33:29",1
"2005-10-08 12:20:25",1
"2005-10-09 09:20:09",1
"2005-10-09 21:25:03",1
"2005-10-10 15:08:45",1
"2005-10-11 05:44:27",1
"2005-10-14 10:15:17",1
"2005-10-15 12:05:34",1
"2005-10-17 04:19:32",1
"2005-10-17 04:31:26",1
"2005-10-17 05:45:18",1
"2005-10-17 05:59:21",1
"2005-10-17 06:16:05",1
"2005-10-17 07:05:48",1
"2005-10-17 08:07:30",1
"2005-10-17 08:28:53",1
"2005-10-17 08:34:45",1
"2005-10-17 09:46:56",1
"2005-10-17 09:55:30",1
"2005-10-17 09:58:37",1
"2005-10-17 10:07:54",1
"2005-10-17 10:57:30",1
"2005-10-17 11:17:43",1
"2005-10-17 11:20:26",1
"2005-10-17 11:52:21",1
"2005-10-17 12:22:31",1
"2005-10-17 12:43:28",1
"2005-10-17 13:16:42",1
"2005-10-17 13:22:49",1
"2005-10-17 13:52:40",1
"2005-10-17 14:53:21",1
"2005-10-17 16:27:51",1
"2005-10-17 21:16:24",1
"2005-10-17 23:13:16",1
"2005-10-18 01:47:57",1
"2005-10-18 05:04:51",1
"2005-10-18 08:03:06",1
"2005-10-18 11:54:46",1
"2005-10-18 13:21:24",1
"2005-10-18 15:25:59",1
"2005-10-18 15:36:23",1
"2005-10-18 16:00:48",1
"2005-10-18 16:15:12",1
"2005-10-18 16:20:03",1
"2005-10-18 16:29:11",1
"2005-10-18 18:43:11",1
"2005-10-18 22:49:26",1
"2005-10-18 22:54:38",1
"2005-10-18 23:26:03",1
"2005-10-19 00:44:08",1
"2005-10-19 08:54:37",1
"2005-10-19 10:06:43",1
"2005-10-19 10:11:30",1
"2005-10-19 10:22:33",1
"2005-10-19 13:33:55",1
"2005-10-19 15:24:45",1
"2005-10-19 16:47:25",1
"2005-10-19 16:57:31",1
"2005-10-19 19:02:27",1
"2005-10-19 21:31:24",1
"2005-10-19 22:38:58",1
"2005-10-19 23:19:53",1
"2005-10-20 00:46:05",1
"2005-10-20 09:10:51",1
"2005-10-20 17:22:12",1
"2005-10-20 21:40:03",1
"2005-10-20 21:44:01",1
"2005-10-20 22:13:18",1
"2005-10-20 22:15:55",1
"2005-10-20 22:27:19",1
"2005-10-20 22:34:00",1
"2005-10-20 22:46:41",1
"2005-10-20 23:16:50",1
"2005-10-21 00:34:14",1
"2005-10-21 01:19:11",1
"2005-10-21 01:32:00",1
"2005-10-21 01:39:56",1
"2005-10-21 05:25:09",1
"2005-10-21 08:10:04",1
"2005-10-21 11:11:33",1
"2005-10-21 11:47:36",1
"2005-10-21 12:48:32",1
"2005-10-21 13:13:11",1
"2005-10-21 16:34:34",1
"2005-10-21 20:03:35",1
"2005-10-22 01:05:49",1
"2005-10-22 07:21:01",1
"2005-10-22 15:35:24",1
"2005-10-23 14:59:38",1
"2005-10-23 17:50:01",1
"2005-10-23 19:18:47",1
"2005-10-23 22:30:01",1
"2005-10-23 23:10:32",1
"2005-10-24 00:07:47",1
"2005-10-24 16:55:38",1
"2005-10-24 17:03:15",1
"2005-10-24 21:15:37",1
"2005-10-25 07:49:32",1
"2005-10-25 09:30:12",1
"2005-10-25 11:26:36",1
"2005-10-25 18:26:20",1
"2005-10-25 19:31:30",1
"2005-10-26 12:18:03",1
"2005-10-26 17:48:08",1
"2005-10-26 22:52:19",1
"2005-10-27 10:55:00",1
"2005-10-27 16:56:59",1
"2005-10-27 23:28:12",1
"2005-10-28 00:17:27",1
"2005-10-28 19:50:00",1
"2005-10-28 21:37:59",1
"2005-10-28 21:57:32",1
"2005-10-29 08:37:25",1
"2005-10-29 09:35:19",1
"2005-10-29 10:17:00",1
"2005-10-29 11:07:41",1
"2005-10-29 14:48:41",1
"2005-10-29 16:15:39",1
"2005-10-29 19:49:29",1
"2005-10-29 23:34:38",1
"2005-10-30 05:37:41",1
"2005-10-30 17:03:51",1
"2005-10-30 22:23:30",1
"2005-10-31 05:26:39",1
"2005-10-31 06:48:22",1
"2005-10-31 13:00:58",1
"2005-11-01 19:53:05",1
"2005-11-01 23:27:33",1
"2005-11-02 04:13:44",1
"2005-11-02 04:19:42",1
"2005-11-02 04:27:12",1
"2005-11-02 04:59:34",1
"2005-11-02 06:28:47",1
"2005-11-02 17:24:41",1
"2005-11-03 05:37:44",1
"2005-11-03 13:59:04",1
"2005-11-03 20:54:15",1
"2005-11-04 02:42:52",1
"2005-11-04 06:39:18",1
"2005-11-04 18:04:11",1
"2005-11-04 20:12:07",1
"2005-11-05 04:00:58",1
"2005-11-05 11:37:10",1
"2005-11-05 14:11:12",1
"2005-11-05 15:27:13",1
"2005-11-07 04:11:42",1
"2005-11-08 01:41:28",1
"2005-11-08 03:20:38",1
"2005-11-08 03:53:46",1
"2005-11-08 17:30:24",1
"2005-11-08 23:36:25",1
"2005-11-10 04:47:40",1
"2005-11-10 08:56:55",1
"2005-11-10 20:09:55",1
"2005-11-11 02:03:14",1
"2005-11-11 07:24:28",1
"2005-11-11 21:18:42",1
"2005-11-15 05:51:31",1
"2005-11-16 05:41:16",1
"2005-11-18 01:38:04",1
"2005-11-18 16:57:40",1
"2005-11-19 17:26:33",1
"2005-11-20 05:03:05",1
"2005-11-20 17:56:41",1
"2005-11-20 21:20:58",1
"2005-11-24 19:58:09",1
"2005-11-24 21:01:31",1
"2005-11-24 21:25:14",1
"2005-11-25 09:30:56",1
"2005-11-26 04:51:17",1
"2005-11-26 14:43:20",1
"2005-11-26 22:27:54",1
"2005-11-27 06:38:15",1
"2005-11-27 15:53:59",1
"2005-11-29 04:14:21",1
"2005-11-30 22:44:29",1
"2005-12-02 04:26:47",1
"2005-12-02 04:56:29",1
"2005-12-03 11:34:24",1
"2005-12-04 02:17:16",1
"2005-12-04 04:13:54",1
"2005-12-05 08:51:02",1
"2005-12-09 10:45:28",1
"2005-12-09 11:45:38",1
"2005-12-09 14:33:20",1
"2005-12-09 17:39:35",1
"2005-12-09 21:07:16",1
"2005-12-10 03:01:11",1
"2005-12-11 07:47:59",1
"2005-12-11 08:39:50",1
"2005-12-11 22:57:47",1
"2005-12-12 04:42:40",1
"2005-12-13 00:23:49",1
"2005-12-13 12:42:59",1
"2005-12-16 22:40:06",1
"2005-12-18 08:24:12",1
"2005-12-19 17:44:46",1
"2005-12-19 17:48:11",1
"2005-12-21 09:31:58",1
"2005-12-22 09:13:08",1
"2005-12-23 07:09:56",1
"2005-12-24 00:14:23",1
"2005-12-24 03:56:07",1
"2005-12-25 04:09:34",1
"2005-12-26 05:53:34",1
"2005-12-28 13:28:13",1
"2005-12-29 15:22:52",1
"2006-01-01 15:41:27",1
"2006-01-02 03:41:12",1
"2006-01-03 17:10:31",1
"2006-01-04 16:22:28",1
"2006-01-07 05:11:17",1
"2006-01-07 16:12:51",1
"2006-01-08 11:34:54",1
"2006-01-08 11:40:59",1
"2006-01-08 11:47:17",1
"2006-01-08 17:23:56",1
"2006-01-09 05:34:51",1
"2006-01-10 08:10:51",1
"2006-01-11 10:34:50",1
"2006-01-11 20:14:02",1
"2006-01-16 06:43:44",1
"2006-01-18 22:55:03",1
"2006-01-19 21:33:46",1
"2006-01-20 09:39:05",1
"2006-01-20 10:40:20",1
"2006-01-22 05:35:15",1
"2006-01-22 17:17:30",1
"2006-01-23 09:39:15",1
"2006-01-25 12:20:35",1
"2006-01-25 18:45:10",1
"2006-01-25 22:13:53",1
"2006-01-26 15:18:25",1
"2006-01-29 10:19:30",1
"2006-01-31 11:53:20",1
"2006-01-31 19:26:40",1
"2006-01-31 20:55:52",1
"2006-02-01 11:51:24",1
"2006-02-02 22:23:51",1
"2006-02-02 23:54:47",1
"2006-02-03 00:00:27",1
"2006-02-04 21:33:23",1
"2006-02-05 08:10:47",1
"2006-02-06 12:43:52",1
"2006-02-08 04:08:12",1
"2006-02-08 05:24:55",1
"2006-02-08 10:25:09",1
"2006-02-08 12:56:33",1
"2006-02-08 14:17:30",1
"2006-02-09 23:47:11",1
"2006-02-10 22:15:09",1
"2006-02-12 00:42:18",1
"2006-02-12 08:49:02",1
"2006-02-14 14:22:21",1
"2006-02-15 10:41:18",1
"2006-02-15 21:50:31",1
"2006-02-16 05:47:23",1
"2006-02-16 13:06:18",1
"2006-02-17 00:09:37",1
"2006-02-17 01:01:34",1
"2006-02-17 11:05:50",1
"2006-02-17 11:43:33",1
"2006-02-18 23:29:54",1
"2006-02-19 05:36:57",1
"2006-02-19 05:36:57",1
"2006-02-19 15:51:50",1
"2006-02-19 23:15:50",1
"2006-02-20 12:08:41",1
"2006-02-20 17:20:10",1
"2006-02-20 18:02:54",1
"2006-02-21 02:20:08",1
"2006-02-21 07:30:34",1
"2006-02-22 05:38:24",1
"2006-02-22 15:28:15",1
"2006-02-27 22:48:28",1
"2006-03-01 20:22:14",1
"2006-03-02 04:52:43",1
"2006-03-03 19:34:29",1
"2006-03-06 13:59:54",1
"2006-03-06 20:46:29",1
"2006-03-07 16:17:54",1
"2006-03-08 00:41:32",1
"2006-03-08 04:18:55",1
"2006-03-08 23:34:44",1
"2006-03-09 03:18:21",1
"2006-03-10 00:52:59",1
"2006-03-12 20:57:36",1
"2006-03-14 08:06:52",1
"2006-03-14 08:39:06",1
"2006-03-14 09:16:57",1
"2006-03-15 03:17:11",1
"2006-03-15 05:28:44",1
"2006-03-17 02:47:13",1
"2006-03-19 06:29:24",1
"2006-03-20 00:03:42",1
"2006-03-21 10:16:43",1
"2006-03-23 05:05:22",1
"2006-03-23 22:56:53",1
"2006-03-24 17:50:58",1
"2006-03-24 19:59:42",1
"2006-03-25 02:46:38",1
"2006-03-25 13:16:31",1
"2006-03-26 01:30:53",1
"2006-03-26 22:41:17",1
"2006-03-28 13:06:54",1
"2006-03-31 21:46:13",1
"2006-04-02 10:15:42",1
"2006-04-03 00:49:42",1
"2006-04-03 19:36:41",1
"2006-04-04 15:41:20",1
"2006-04-04 21:51:52",1
"2006-04-04 22:05:03",1
"2006-04-05 09:55:44",1
"2006-04-09 02:22:28",1
"2006-04-09 07:06:26",1
"2006-04-09 07:52:14",1
"2006-04-09 23:27:19",1
"2006-04-10 20:18:12",1
"2006-04-10 21:10:21",1
"2006-04-10 21:21:24",1
"2006-04-11 00:02:41",1
"2006-04-11 00:23:33",1
"2006-04-11 00:40:11",1
"2006-04-11 00:56:19",1
"2006-04-11 01:02:36",1
"2006-04-11 02:03:25",1
"2006-04-11 02:05:13",1
"2006-04-11 06:13:04",1
"2006-04-11 07:07:36",1
"2006-04-11 16:12:37",1
"2006-04-11 17:29:28",1
"2006-04-12 01:20:45",1
"2006-04-12 09:49:17",1
"2006-04-12 10:12:33",1
"2006-04-12 16:52:01",1
"2006-04-12 16:56:23",1
"2006-04-12 17:55:23",1
"2006-04-12 19:14:12",1
"2006-04-12 19:57:05",1
"2006-04-12 20:29:00",1
"2006-04-12 20:29:40",1
"2006-04-12 21:21:30",1
"2006-04-12 21:22:51",1
"2006-04-12 21:27:57",1
"2006-04-12 22:04:49",1
"2006-04-12 23:04:22",1
"2006-04-12 23:54:13",1
"2006-04-12 23:57:40",1
"2006-04-13 00:02:59",1
"2006-04-13 02:12:52",1
"2006-04-13 03:20:29",1
"2006-04-13 09:52:39",1
"2006-04-13 10:31:04",1
"2006-04-13 16:18:35",1
"2006-04-13 23:21:42",1
"2006-04-13 23:25:28",1
"2006-04-14 00:39:51",1
"2006-04-14 00:40:18",1
"2006-04-14 21:21:29",1
"2006-04-15 21:15:11",1
"2006-04-16 06:33:06",1
"2006-04-16 09:17:45",1
"2006-04-16 09:18:24",1
"2006-04-17 08:54:40",1
"2006-04-17 09:42:17",1
"2006-04-17 11:53:20",1
"2006-04-17 12:01:24",1
"2006-04-17 15:55:03",1
"2006-04-17 18:35:51",1
"2006-04-17 19:10:02",1
"2006-04-17 20:18:04",1
"2006-04-17 20:31:54",1
"2006-04-17 23:53:36",1
"2006-04-18 01:10:27",1
"2006-04-18 01:21:35",1
"2006-04-18 02:51:44",1
"2006-04-18 03:54:32",1
"2006-04-18 07:30:45",1
"2006-04-18 08:26:07",1
"2006-04-18 08:56:39",1
"2006-04-19 04:04:35",1
"2006-04-19 05:40:42",1
"2006-04-19 15:16:24",1
"2006-04-19 16:23:33",1
"2006-04-20 00:10:21",1
"2006-04-20 01:59:26",1
"2006-04-20 04:21:56",1
"2006-04-20 07:52:52",1
"2006-04-21 07:49:44",1
"2006-04-21 08:25:56",1
"2006-04-21 11:41:36",1
"2006-04-21 20:10:27",1
"2006-04-21 21:28:00",1
"2006-04-21 23:01:35",1
"2006-04-21 23:15:04",1
"2006-04-21 23:28:09",1
"2006-04-22 00:15:21",1
"2006-04-22 07:23:43",1
"2006-04-22 18:34:58",1
"2006-04-22 22:16:21",1
"2006-04-23 07:57:16",1
"2006-04-23 16:46:13",1
"2006-04-24 05:49:03",1
"2006-04-24 07:17:10",1
"2006-04-24 17:25:38",1
"2006-04-24 17:33:46",1
"2006-04-24 23:08:56",1
"2006-04-25 02:54:26",1
"2006-04-25 03:59:30",1
"2006-04-25 06:48:31",1
"2006-04-26 15:21:13",1
"2006-04-26 21:14:04",1
"2006-04-26 23:10:35",1
"2006-04-27 12:06:55",1
"2006-04-27 16:25:18",1
"2006-04-27 21:53:56",1
"2006-04-28 01:51:55",1
"2006-04-30 04:16:47",1
"2006-04-30 17:59:47",1
"2006-05-01 17:24:08",1
"2006-05-02 09:19:55",1
"2006-05-03 18:28:26",1
"2006-05-03 18:33:15",1
"2006-05-04 20:12:36",1
"2006-05-04 22:28:05",1
"2006-05-05 06:16:08",1
"2006-05-05 08:44:14",1
"2006-05-06 20:26:03",1
"2006-05-07 05:43:29",1
"2006-05-08 07:34:53",1
"2006-05-08 16:44:05",1
"2006-05-08 18:22:22",1
"2006-05-09 21:30:43",1
"2006-05-10 00:44:33",1
"2006-05-10 07:01:42",1
"2006-05-10 21:33:06",1
"2006-05-11 01:47:47",1
"2006-05-12 20:59:43",1
"2006-05-12 21:17:56",1
"2006-05-13 15:32:30",1
"2006-05-14 02:05:35",1
"2006-05-15 04:22:40",1
"2006-05-15 04:42:48",1
"2006-05-15 07:51:26",1
"2006-05-15 21:08:39",1
"2006-05-18 02:25:27",1
"2006-05-18 04:58:08",1
"2006-05-19 04:33:29",1
"2006-05-19 22:52:06",1
"2006-05-25 00:07:08",1
"2006-05-25 23:14:36",1
"2006-05-26 06:20:11",1
"2006-05-27 12:19:42",1
"2006-05-27 19:07:15",1
"2006-05-28 05:02:14",1
"2006-05-28 05:09:17",1
"2006-05-28 17:21:37",1
"2006-05-29 15:34:00",1
"2006-05-29 16:57:21",1
"2006-05-30 14:27:25",1
"2006-06-05 09:46:50",1
"2006-06-06 09:06:21",1
"2006-06-08 14:38:35",1
"2006-06-08 21:14:11",1
"2006-06-09 08:16:39",1
"2006-06-09 11:11:47",1
"2006-06-10 04:24:21",1
"2006-06-10 05:30:44",1
"2006-06-10 06:32:44",1
"2006-06-10 11:08:26",1
"2006-06-10 11:18:33",1
"2006-06-11 01:57:17",1
"2006-06-11 02:45:19",1
"2006-06-11 12:23:21",1
"2006-06-12 02:01:49",1
"2006-06-12 08:07:05",1
"2006-06-13 14:15:38",1
"2006-06-13 21:36:06",1
"2006-06-15 11:18:29",1
"2006-06-15 11:30:49",1
"2006-06-15 12:27:27",1
"2006-06-15 23:36:45",1
"2006-06-17 02:20:23",1
"2006-06-18 01:19:45",1
"2006-06-19 05:57:34",1
"2006-06-19 06:16:29",1
"2006-06-21 14:59:27",1
"2006-06-21 15:54:43",1
"2006-06-22 03:25:33",1
"2006-06-23 02:24:24",1
"2006-06-24 02:49:26",1
"2006-06-24 02:56:45",1
"2006-06-26 00:51:44",1
"2006-06-27 07:39:02",1
"2006-06-27 19:57:56",1
"2006-06-28 00:58:51",1
"2006-06-29 01:49:24",1
"2006-06-30 02:36:47",1
"2006-06-30 06:35:48",1
"2006-07-01 14:36:48",1
"2006-07-02 06:55:30",1
"2006-07-03 05:59:37",1
"2006-07-04 16:09:25",1
"2006-07-08 20:44:51",1
"2006-07-08 22:40:19",1
"2006-07-09 03:12:53",1
"2006-07-09 14:47:03",1
"2006-07-10 08:22:38",1
"2006-07-12 13:35:12",1
"2006-07-12 14:40:56",1
"2006-07-12 14:43:45",1
"2006-07-13 00:15:30",1
"2006-07-13 15:13:42",1
"2006-07-13 22:46:51",1
"2006-07-14 09:57:14",1
"2006-07-14 09:57:14",1
"2006-07-16 11:56:21",1
"2006-07-17 16:33:31",1
"2006-07-17 16:51:54",1
"2006-07-20 15:57:38",1
"2006-07-24 02:59:17",1
"2006-07-25 03:04:01",1
"2006-07-26 14:33:00",1
"2006-07-26 22:12:35",1
"2006-07-28 09:56:39",1
"2006-07-30 00:42:57",1
"2006-07-30 04:04:09",1
"2006-07-31 07:35:18",1
"2006-07-31 15:04:36",1
"2006-07-31 16:50:44",1
"2006-08-01 21:40:37",1
"2006-08-02 15:47:02",1
"2006-08-02 19:43:22",1
"2006-08-03 07:23:52",1
"2006-08-05 08:24:59",1
"2006-08-06 07:49:43",1
"2006-08-06 11:40:44",1
"2006-08-06 14:33:55",1
"2006-08-07 14:00:05",1
"2006-08-08 04:09:53",1
"2006-08-08 07:25:48",1
"2006-08-08 19:20:34",1
"2006-08-08 21:20:08",1
"2006-08-08 21:42:09",1
"2006-08-09 02:10:01",1
"2006-08-09 09:18:19",1
"2006-08-09 12:12:25",1
"2006-08-09 12:23:35",1
"2006-08-09 22:36:48",1
"2006-08-11 23:27:23",1
"2006-08-12 04:24:34",1
"2006-08-13 10:35:09",1
"2006-08-14 02:16:12",1
"2006-08-16 18:56:38",1
"2006-08-16 19:17:55",1
"2006-08-16 19:28:46",1
"2006-08-16 22:36:07",1
"2006-08-17 04:17:50",1
"2006-08-17 04:27:30",1
"2006-08-17 05:26:18",1
"2006-08-17 07:35:16",1
"2006-08-18 03:43:10",1
"2006-08-18 10:12:33",1
"2006-08-18 10:16:10",1
"2006-08-18 10:23:04",1
"2006-08-19 13:33:30",1
"2006-08-21 14:27:15",1
"2006-08-22 09:23:21",1
"2006-08-22 12:15:50",1
"2006-08-24 04:30:56",1
"2006-08-27 03:24:46",1
"2006-08-27 17:27:18",1
"2006-08-28 22:48:59",1
"2006-08-29 02:43:16",1
"2006-08-29 19:08:23",1
"2006-08-31 01:34:42",1
"2006-08-31 09:41:20",1
"2006-08-31 11:30:27",1
"2006-09-01 06:14:54",1
"2006-09-01 08:14:38",1
"2006-09-01 11:56:02",1
"2006-09-01 21:50:41",1
"2006-09-02 09:10:51",1
"2006-09-02 23:27:17",1
"2006-09-03 01:33:09",1
"2006-09-03 08:13:14",1
"2006-09-03 20:58:32",1
"2006-09-06 01:03:45",1
"2006-09-06 09:47:35",1
"2006-09-07 21:56:06",1
"2006-09-08 00:03:34",1
"2006-09-08 17:40:55",1
"2006-09-08 18:38:59",1
"2006-09-08 21:02:00",1
"2006-09-08 22:39:10",1
"2006-09-10 04:40:50",1
"2006-09-16 12:52:39",1
"2006-09-16 14:26:03",1
"2006-09-16 20:46:52",1
"2006-09-18 06:32:29",1
"2006-09-18 08:03:08",1
"2006-09-18 16:57:27",1
"2006-09-19 06:19:17",1
"2006-09-19 06:22:28",1
"2006-09-20 19:02:33",1
"2006-09-25 18:25:51",1
"2006-09-27 02:20:39",1
"2006-09-27 13:02:53",1
"2006-09-29 00:01:02",1
"2006-09-29 12:47:18",1
"2006-09-30 15:18:38",1
"2006-09-30 22:46:08",1
"2006-10-01 11:07:11",1
"2006-10-01 16:28:05",1
"2006-10-01 16:57:17",1
"2006-10-02 01:21:51",1
"2006-10-02 04:16:06",1
"2006-10-02 16:57:08",1
"2006-10-03 14:33:59",1
"2006-10-03 15:58:09",1
"2006-10-03 20:02:14",1
"2006-10-05 13:51:28",1
"2006-10-07 22:15:41",1
"2006-10-09 21:49:16",1
"2006-10-09 23:44:30",1
"2006-10-10 16:44:24",1
"2006-10-11 12:30:15",1
"2006-10-12 09:53:29",1
"2006-10-12 13:31:02",1
"2006-10-12 18:12:44",1
"2006-10-13 23:50:40",1
"2006-10-20 18:15:23",1
"2006-10-20 18:34:37",1
"2006-10-21 07:30:38",1
"2006-10-21 19:40:32",1
"2006-10-23 14:16:21",1
"2006-10-24 03:39:37",1
"2006-10-24 14:46:14",1
"2006-10-25 00:57:02",1
"2006-10-25 06:49:48",1
"2006-10-25 11:50:35",1
"2006-10-26 02:02:24",1
"2006-10-26 02:51:56",1
"2006-10-26 10:59:14",1
"2006-10-26 13:42:21",1
"2006-10-26 13:58:59",1
"2006-10-26 17:36:22",1
"2006-10-30 06:43:08",1
"2006-10-30 17:34:39",1
"2006-11-02 05:07:48",1
"2006-11-02 21:38:24",1
"2006-11-03 19:31:25",1
"2006-11-05 21:29:01",1
"2006-11-07 04:43:04",1
"2006-11-07 12:37:20",1
"2006-11-07 15:09:06",1
"2006-11-08 11:30:59",1
"2006-11-09 13:40:06",1
"2006-11-09 13:54:59",1
"2006-11-09 21:48:27",1
"2006-11-09 21:51:04",1
"2006-11-10 01:49:44",1
"2006-11-12 23:26:01",1
"2006-11-15 05:32:33",1
"2006-11-16 12:30:50",1
"2006-11-16 18:50:02",1
"2006-11-17 01:44:04",1
"2006-11-18 06:04:58",1
"2006-11-18 12:13:30",1
"2006-11-19 05:34:49",1
"2006-11-21 12:14:13",1
"2006-11-22 16:12:46",1
"2006-11-22 18:43:24",1
"2006-11-23 13:21:41",1
"2006-11-24 17:16:58",1
"2006-11-25 11:45:04",1
"2006-11-25 21:31:09",1
"2006-11-26 17:58:05",1
"2006-11-28 22:05:18",1
"2006-11-29 06:23:09",1
"2006-11-29 06:52:22",1
"2006-11-30 02:25:53",1
"2006-12-01 22:49:35",1
"2006-12-02 10:26:54",1
"2006-12-07 13:27:26",1
"2006-12-07 20:07:01",1
"2006-12-09 03:25:54",1
"2006-12-10 01:34:57",1
"2006-12-12 03:40:55",1
"2006-12-12 05:50:43",1
"2006-12-13 08:50:38",1
"2006-12-13 10:06:39",1
"2006-12-14 11:31:09",1
"2006-12-15 10:23:32",1
"2006-12-16 15:23:33",1
"2006-12-17 03:02:53",1
"2006-12-17 20:00:20",1
"2006-12-18 11:08:45",1
"2006-12-19 19:15:31",1
"2006-12-20 19:27:32",1
"2006-12-21 17:03:07",1
"2006-12-21 18:30:52",1
"2006-12-21 18:32:55",1
"2006-12-22 17:28:14",1
"2006-12-23 01:18:29",1
"2006-12-24 00:51:29",1
"2006-12-24 07:12:11",1
"2006-12-24 10:26:29",1
"2006-12-24 10:35:34",1
"2006-12-24 11:58:17",1
"2006-12-25 13:57:06",1
"2006-12-25 14:08:59",1
"2006-12-25 14:15:50",1
"2006-12-25 14:18:50",1
"2006-12-25 14:22:30",1
"2006-12-25 14:57:00",1
"2006-12-25 18:13:44",1
"2006-12-26 07:49:38",1
"2006-12-28 04:57:38",1
"2006-12-28 06:33:08",1
"2006-12-29 15:03:05",1
"2006-12-31 18:06:27",1
"2007-01-01 14:55:36",1
"2007-01-03 18:18:34",1
"2007-01-07 14:47:03",1
"2007-01-08 03:35:46",1
"2007-01-08 05:07:25",1
"2007-01-09 03:18:18",1
"2007-01-09 12:49:41",1
"2007-01-09 22:37:01",1
"2007-01-10 01:54:53",1
"2007-01-11 05:50:39",1
"2007-01-11 16:06:56",1
"2007-01-13 02:10:10",1
"2007-01-14 09:09:23",1
"2007-01-14 16:35:48",1
"2007-01-14 16:43:01",1
"2007-01-15 20:20:31",1
"2007-01-17 01:52:18",1
"2007-01-17 03:22:53",1
"2007-01-18 22:25:23",1
"2007-01-19 08:42:22",1
"2007-01-20 14:50:47",1
"2007-01-23 03:11:56",1
"2007-01-23 04:13:24",1
"2007-01-23 21:21:59",1
"2007-01-24 04:29:24",1
"2007-01-25 12:26:51",1
"2007-01-25 21:09:45",1
"2007-01-26 10:44:55",1
"2007-01-28 18:07:16",1
"2007-01-29 07:04:19",1
"2007-01-31 23:13:46",1
"2007-02-01 16:45:35",1
"2007-02-02 12:06:28",1
"2007-02-02 13:09:06",1
"2007-02-03 13:43:22",1
"2007-02-03 14:56:34",1
"2007-02-04 16:20:49",1
"2007-02-05 01:59:44",1
"2007-02-05 11:44:00",1
"2007-02-06 01:58:16",1
"2007-02-06 08:34:06",1
"2007-02-07 04:28:19",1
"2007-02-07 23:13:27",1
"2007-02-08 07:21:20",1
"2007-02-10 05:43:13",1
"2007-02-10 09:12:56",1
"2007-02-11 20:15:53",1
"2007-02-12 20:35:17",1
"2007-02-15 02:16:18",1
"2007-02-15 03:15:52",1
"2007-02-18 17:23:33",1
"2007-02-19 23:17:17",1
"2007-02-21 01:41:00",1
"2007-02-21 02:04:38",1
"2007-02-24 06:05:57",1
"2007-02-24 14:46:58",1
"2007-02-25 01:48:45",1
"2007-02-28 00:25:15",1
"2007-02-28 04:20:54",1
"2007-02-28 17:23:13",1
"2007-03-03 14:56:24",1
"2007-03-04 16:14:32",1
"2007-03-05 09:39:37",1
"2007-03-05 22:30:19",1
"2007-03-06 03:34:41",1
"2007-03-08 00:48:41",1
"2007-03-08 03:52:21",1
"2007-03-08 19:50:48",1
"2007-03-09 03:45:22",1
"2007-03-09 13:43:58",1
"2007-03-10 07:58:35",1
"2007-03-11 21:21:59",1
"2007-03-11 22:14:27",1
"2007-03-13 04:47:19",1
"2007-03-13 06:32:55",1
"2007-03-14 01:45:26",1
"2007-03-15 12:41:42",1
"2007-03-20 16:54:42",1
"2007-03-20 18:59:19",1
"2007-03-24 12:10:30",1
"2007-03-24 13:03:55",1
"2007-03-25 13:57:58",1
"2007-03-25 14:15:59",1
"2007-03-25 14:31:20",1
"2007-03-25 14:54:19",1
"2007-03-25 15:16:35",1
"2007-03-25 17:27:21",1
"2007-03-25 17:30:56",1
"2007-03-25 18:56:14",1
"2007-03-25 18:57:19",1
"2007-03-25 21:58:45",1
"2007-03-25 22:01:20",1
"2007-03-25 23:46:04",1
"2007-03-26 00:10:39",1
"2007-03-26 01:10:59",1
"2007-03-26 02:19:34",1
"2007-03-26 04:13:42",1
"2007-03-26 06:57:35",1
"2007-03-26 16:27:25",1
"2007-03-26 18:21:32",1
"2007-03-27 00:34:20",1
"2007-03-27 01:34:33",1
"2007-03-27 05:13:27",1
"2007-03-27 08:30:11",1
"2007-03-28 11:56:02",1
"2007-03-28 18:05:32",1
"2007-03-29 04:38:50",1
"2007-03-29 18:19:06",1
"2007-03-29 22:59:59",1
"2007-03-30 16:57:39",1
"2007-03-31 04:33:00",1
"2007-03-31 20:56:35",1
"2007-04-01 04:51:42",1
"2007-04-03 00:49:17",1
"2007-04-03 07:53:09",1
"2007-04-03 08:40:56",1
"2007-04-03 15:29:44",1
"2007-04-03 17:03:28",1
"2007-04-03 18:57:38",1
"2007-04-04 01:16:31",1
"2007-04-04 01:56:21",1
"2007-04-04 02:55:15",1
"2007-04-04 21:52:45",1
"2007-04-05 02:09:51",1
"2007-04-06 00:13:54",1
"2007-04-06 00:23:42",1
"2007-04-06 11:40:07",1
"2007-04-06 15:17:24",1
"2007-04-06 18:07:26",1
"2007-04-06 21:43:22",1
"2007-04-07 03:50:45",1
"2007-04-08 04:00:49",1
"2007-04-09 14:29:20",1
"2007-04-09 22:00:25",1
"2007-04-09 23:27:15",1
"2007-04-10 00:54:55",1
"2007-04-10 03:17:55",1
"2007-04-10 03:39:18",1
"2007-04-10 03:43:05",1
"2007-04-10 03:52:45",1
"2007-04-10 06:58:28",1
"2007-04-10 07:13:04",1
"2007-04-10 07:14:12",1
"2007-04-10 07:15:41",1
"2007-04-10 10:24:23",1
"2007-04-10 10:41:00",1
"2007-04-10 13:51:00",1
"2007-04-10 15:41:39",1
"2007-04-10 15:41:37",1
"2007-04-10 19:20:47",1
"2007-04-11 11:24:01",1
"2007-04-12 00:23:19",1
"2007-04-12 03:38:05",1
"2007-04-12 17:53:06",1
"2007-04-12 21:35:02",1
"2007-04-13 01:48:23",1
"2007-04-13 21:06:09",1
"2007-04-14 13:32:58",1
"2007-04-14 15:59:47",1
"2007-04-15 02:16:32",1
"2007-04-15 11:58:41",1
"2007-04-15 13:43:00",1
"2007-04-15 13:45:37",1
"2007-04-15 21:11:25",1
"2007-04-16 07:38:47",1
"2007-04-16 12:09:18",1
"2007-04-16 13:08:43",1
"2007-04-16 16:18:42",1
"2007-04-17 03:27:18",1
"2007-04-19 10:15:45",1
"2007-04-19 13:34:04",1
"2007-04-19 14:16:41",1
"2007-04-19 17:46:34",1
"2007-04-19 23:30:51",1
"2007-04-20 02:03:27",1
"2007-04-20 23:27:11",1
"2007-04-22 03:21:36",1
"2007-04-22 12:52:10",1
"2007-04-22 23:31:07",1
"2007-04-23 05:20:00",1
"2007-04-23 10:46:03",1
"2007-04-23 10:46:26",1
"2007-04-24 08:02:32",1
"2007-04-25 02:41:23",1
"2007-04-25 03:39:13",1
"2007-04-25 19:12:47",1
"2007-04-26 01:57:00",1
"2007-04-26 11:54:28",1
"2007-04-26 19:26:30",1
"2007-04-27 01:12:21",1
"2007-04-27 02:24:36",1
"2007-04-28 08:55:02",1
"2007-04-28 12:16:21",1
"2007-04-29 01:08:02",1
"2007-04-29 02:36:40",1
"2007-04-29 03:42:17",1
"2007-04-29 06:27:37",1
"2007-05-01 07:11:56",1
"2007-05-01 17:18:47",1
"2007-05-02 08:57:00",1
"2007-05-03 01:42:27",1
"2007-05-03 05:41:14",1
"2007-05-04 01:43:38",1
"2007-05-04 15:31:28",1
"2007-05-04 17:50:40",1
"2007-05-05 00:42:59",1
"2007-05-05 03:46:26",1
"2007-05-06 15:31:18",1
"2007-05-07 01:34:42",1
"2007-05-07 09:09:12",1
"2007-05-08 04:30:07",1
"2007-05-08 15:33:45",1
"2007-05-08 16:17:36",1
"2007-05-09 01:46:00",1
"2007-05-09 09:24:28",1
"2007-05-09 16:26:27",1
"2007-05-09 20:35:57",1
"2007-05-10 04:49:55",1
"2007-05-10 10:45:23",1
"2007-05-11 09:28:28",1
"2007-05-11 11:18:04",1
"2007-05-11 17:13:44",1
"2007-05-11 17:16:58",1
"2007-05-12 00:04:14",1
"2007-05-13 18:57:18",1
"2007-05-15 02:49:36",1
"2007-05-16 17:12:13",1
"2007-05-16 19:58:46",1
"2007-05-17 11:10:35",1
"2007-05-18 14:05:40",1
"2007-05-20 12:49:18",1
"2007-05-21 07:30:50",1
"2007-05-21 15:54:44",1
"2007-05-21 16:34:54",1
"2007-05-21 16:39:08",1
"2007-05-21 16:47:48",1
"2007-05-21 19:59:09",1
"2007-05-22 09:55:56",1
"2007-05-22 18:27:44",1
"2007-05-23 00:29:00",1
"2007-05-24 01:24:56",1
"2007-05-24 01:29:18",1
"2007-05-24 01:49:31",1
"2007-05-25 09:17:38",1
"2007-05-27 05:11:46",1
"2007-05-27 23:51:33",1
"2007-05-28 04:11:26",1
"2007-05-29 00:02:48",1
"2007-06-02 01:02:37",1
"2007-06-02 05:55:06",1
"2007-06-03 08:12:52",1
"2007-06-03 23:42:45",1
"2007-06-05 10:57:04",1
"2007-06-05 11:50:19",1
"2007-06-07 19:24:26",1
"2007-06-11 13:59:50",1
"2007-06-12 13:09:31",1
"2007-06-12 13:13:00",1
"2007-06-13 01:09:18",1
"2007-06-14 00:55:03",1
"2007-06-14 12:30:29",1
"2007-06-15 02:18:32",1
"2007-06-15 08:00:10",1
"2007-06-16 06:37:08",1
"2007-06-16 06:49:32",1
"2007-06-19 13:35:32",1
"2007-06-19 19:38:48",1
"2007-06-20 02:47:57",1
"2007-06-20 22:04:51",1
"2007-06-20 23:31:53",1
"2007-06-21 09:59:38",1
"2007-06-21 10:08:32",1
"2007-06-21 10:55:39",1
"2007-06-21 18:19:04",1
"2007-06-22 05:25:17",1
"2007-06-22 13:24:01",1
"2007-06-24 06:26:45",1
"2007-06-24 08:53:02",1
"2007-06-24 10:31:52",1
"2007-06-24 18:37:38",1
"2007-06-25 04:13:40",1
"2007-06-25 06:34:52",1
"2007-06-25 07:30:55",1
"2007-06-25 15:33:04",1
"2007-06-26 00:53:25",1
"2007-06-29 18:09:11",1
"2007-06-29 18:43:27",1
"2007-06-29 21:05:44",1
"2007-06-29 22:21:13",1
"2007-06-29 22:33:52",1
"2007-06-29 22:41:43",1
"2007-06-30 07:34:54",1
"2007-06-30 11:11:16",1
"2007-06-30 22:33:42",1
"2007-07-02 06:15:10",1
"2007-07-03 16:11:31",1
"2007-07-03 17:23:00",1
"2007-07-04 23:00:14",1
"2007-07-05 06:44:33",1
"2007-07-05 07:27:31",1
"2007-07-05 17:59:12",1
"2007-07-06 07:19:48",1
"2007-07-06 19:01:47",1
"2007-07-07 20:09:35",1
"2007-07-07 23:23:50",1
"2007-07-08 03:27:02",1
"2007-07-08 07:32:03",1
"2007-07-08 11:39:06",1
"2007-07-08 12:39:10",1
"2007-07-08 12:48:38",1
"2007-07-08 14:56:32",1
"2007-07-08 23:09:37",1
"2007-07-08 23:48:33",1
"2007-07-09 01:50:59",1
"2007-07-09 02:02:29",1
"2007-07-09 13:45:33",1
"2007-07-10 00:27:37",1
"2007-07-11 16:35:46",1
"2007-07-13 01:12:12",1
"2007-07-14 02:30:46",1
"2007-07-15 13:38:29",1
"2007-07-17 09:39:23",1
"2007-07-17 18:23:20",1
"2007-07-18 02:52:01",1
"2007-07-18 03:45:52",1
"2007-07-18 14:40:57",1
"2007-07-18 19:09:29",1
"2007-07-19 04:25:26",1
"2007-07-22 08:26:18",1
"2007-07-23 22:42:12",1
"2007-07-24 01:57:55",1
"2007-07-24 15:02:16",1
"2007-07-26 07:19:48",1
"2007-07-26 09:03:57",1
"2007-07-27 02:03:09",1
"2007-07-29 05:43:00",1
"2007-07-29 16:11:25",1
"2007-07-29 16:38:05",1
"2007-07-30 16:43:06",1
"2007-07-30 19:43:03",1
"2007-07-31 03:33:05",1
"2007-07-31 21:28:54",1
"2007-08-01 17:47:56",1
"2007-08-02 02:55:13",1
"2007-08-02 20:43:45",1
"2007-08-03 14:06:34",1
"2007-08-03 19:32:40",1
"2007-08-03 21:08:08",1
"2007-08-06 22:59:35",1
"2007-08-07 20:20:19",1
"2007-08-07 22:23:29",1
"2007-08-08 18:18:10",1
"2007-08-08 21:29:02",1
"2007-08-09 07:07:25",1
"2007-08-10 10:45:15",1
"2007-08-10 14:30:34",1
"2007-08-10 19:03:25",1
"2007-08-10 19:11:20",1
"2007-08-10 22:23:29",1
"2007-08-12 11:20:42",1
"2007-08-12 12:26:08",1
"2007-08-13 09:18:19",1
"2007-08-14 06:09:29",1
"2007-08-14 11:25:18",1
"2007-08-14 17:20:09",1
"2007-08-14 23:02:23",1
"2007-08-15 01:18:53",1
"2007-08-15 06:35:41",1
"2007-08-15 08:39:53",1
"2007-08-17 21:55:34",1
"2007-08-18 07:37:36",1
"2007-08-19 12:53:21",1
"2007-08-20 03:21:21",1
"2007-08-20 11:52:17",1
"2007-08-22 08:31:02",1
"2007-08-23 02:18:11",1
"2007-08-27 01:30:16",1
"2007-08-27 06:29:03",1
"2007-08-28 04:35:35",1
"2007-08-28 09:05:33",1
"2007-08-28 12:44:50",1
"2007-08-28 15:05:23",1
"2007-08-29 00:48:07",1
"2007-08-30 04:20:07",1
"2007-08-30 09:49:10",1
"2007-08-31 20:52:42",1
"2007-08-31 21:48:35",1
"2007-09-01 15:46:37",1
"2007-09-01 17:19:54",1
"2007-09-03 07:37:49",1
"2007-09-03 09:37:49",1
"2007-09-04 23:21:42",1
"2007-09-05 17:37:49",1
"2007-09-09 02:42:32",1
"2007-09-09 05:14:56",1
"2007-09-10 14:08:06",1
"2007-09-12 19:20:18",1
"2007-09-12 21:40:43",1
"2007-09-14 19:58:16",1
"2007-09-14 22:17:51",1
"2007-09-16 01:14:58",1
"2007-09-16 02:48:25",1
"2007-09-16 21:58:34",1
"2007-09-20 16:56:01",1
"2007-09-22 20:04:52",1
"2007-09-23 00:54:29",1
"2007-09-23 01:34:51",1
"2007-09-23 17:05:26",1
"2007-09-23 17:09:15",1
"2007-09-24 12:24:51",1
"2007-09-24 18:12:30",1
"2007-09-25 03:27:28",1
"2007-09-25 17:38:11",1
"2007-09-27 03:29:17",1
"2007-09-27 11:43:24",1
"2007-09-27 23:39:55",1
"2007-09-28 15:48:05",1
"2007-09-28 23:33:16",1
"2007-09-29 22:35:10",1
"2007-09-30 16:41:12",1
"2007-09-30 19:00:49",1
"2007-10-01 10:11:39",1
"2007-10-02 06:25:42",1
"2007-10-05 16:09:31",1
"2007-10-06 03:34:28",1
"2007-10-06 04:30:17",1
"2007-10-06 23:04:46",1
"2007-10-06 23:38:54",1
"2007-10-08 05:21:36",1
"2007-10-08 05:58:11",1
"2007-10-08 14:06:01",1
"2007-10-08 23:05:05",1
"2007-10-09 00:31:42",1
"2007-10-10 10:14:10",1
"2007-10-10 21:27:49",1
"2007-10-11 07:18:14",1
"2007-10-11 12:00:34",1
"2007-10-12 03:02:37",1
"2007-10-12 13:51:48",1
"2007-10-13 21:07:50",1
"2007-10-14 09:18:11",1
"2007-10-14 09:53:29",1
"2007-10-15 22:17:57",1
"2007-10-16 18:49:35",1
"2007-10-18 14:52:24",1
"2007-10-18 22:49:39",1
"2007-10-19 02:24:24",1
"2007-10-21 07:26:46",1
"2007-10-21 11:04:25",1
"2007-10-21 11:15:24",1
"2007-10-21 17:55:06",1
"2007-10-23 21:47:13",1
"2007-10-24 11:04:41",1
"2007-10-25 02:26:18",1
"2007-10-25 05:02:01",1
"2007-10-25 11:38:35",1
"2007-10-26 01:36:56",1
"2007-10-26 22:41:16",1
"2007-10-27 05:29:39",1
"2007-10-27 17:30:09",1
"2007-10-28 02:15:49",1
"2007-10-28 04:10:19",1
"2007-10-28 10:14:56",1
"2007-10-28 11:53:35",1
"2007-10-28 12:03:18",1
"2007-10-28 13:12:40",1
"2007-10-28 17:40:42",1
"2007-10-30 04:39:58",1
"2007-10-31 04:02:22",1
"2007-11-02 08:55:43",1
"2007-11-02 10:22:52",1
"2007-11-02 13:03:38",1
"2007-11-03 04:24:21",1
"2007-11-03 23:50:49",1
"2007-11-04 20:56:18",1
"2007-11-05 20:07:05",1
"2007-11-07 05:29:53",1
"2007-11-07 14:28:54",1
"2007-11-07 16:21:14",1
"2007-11-07 21:36:40",1
"2007-11-07 23:31:18",1
"2007-11-08 03:35:27",1
"2007-11-08 04:54:46",1
"2007-11-09 01:43:04",1
"2007-11-09 07:07:37",1
"2007-11-09 07:11:52",1
"2007-11-09 13:00:42",1
"2007-11-10 04:22:57",1
"2007-11-10 11:28:27",1
"2007-11-11 03:23:30",1
"2007-11-11 20:09:45",1
"2007-11-12 15:02:10",1
"2007-11-12 21:11:33",1
"2007-11-12 22:05:39",1
"2007-11-14 02:01:29",1
"2007-11-15 23:26:45",1
"2007-11-16 22:06:04",1
"2007-11-17 22:56:45",1
"2007-11-20 02:14:22",1
"2007-11-21 03:17:43",1
"2007-11-22 20:06:27",1
"2007-11-22 23:11:54",1
"2007-11-23 15:23:54",1
"2007-11-24 06:47:12",1
"2007-11-25 05:57:45",1
"2007-11-26 01:02:37",1
"2007-11-27 21:19:46",1
"2007-11-27 22:11:48",1
"2007-11-30 08:37:44",1
"2007-11-30 08:55:34",1
"2007-12-01 23:48:35",1
"2007-12-02 20:28:45",1
"2007-12-03 00:19:56",1
"2007-12-03 13:51:44",1
"2007-12-03 17:06:15",1
"2007-12-06 11:04:52",1
"2007-12-06 23:18:40",1
"2007-12-09 03:20:10",1
"2007-12-09 09:53:38",1
"2007-12-10 06:49:13",1
"2007-12-10 17:06:36",1
"2007-12-11 10:26:03",1
"2007-12-11 18:21:26",1
"2007-12-12 17:34:00",1
"2007-12-13 14:13:10",1
"2007-12-14 00:34:08",1
"2007-12-14 05:30:59",1
"2007-12-15 14:41:43",1
"2007-12-17 21:42:57",1
"2007-12-18 09:51:34",1
"2007-12-19 18:21:28",1
"2007-12-20 08:23:30",1
"2007-12-24 06:10:50",1
"2007-12-24 07:31:37",1
"2007-12-24 14:41:31",1
"2007-12-25 08:33:05",1
"2007-12-26 18:02:42",1
"2007-12-27 02:29:24",1
"2007-12-28 10:34:53",1
"2007-12-28 21:14:14",1
"2007-12-30 06:42:40",1
"2007-12-30 12:31:29",1
"2007-12-31 10:40:09",1
"2007-12-31 10:55:04",1
"2007-12-31 14:53:06",1
"2008-01-05 05:11:01",1
"2008-01-06 05:14:19",1
"2008-01-06 23:02:22",1
"2008-01-06 23:06:33",1
"2008-01-06 23:07:13",1
"2008-01-08 14:08:48",1
"2008-01-09 11:00:45",1
"2008-01-09 12:13:04",1
"2008-01-10 04:42:58",1
"2008-01-10 17:52:27",1
"2008-01-11 01:06:15",1
"2008-01-11 12:56:22",1
"2008-01-11 13:32:52",1
"2008-01-12 15:06:43",1
"2008-01-12 19:27:53",1
"2008-01-13 21:15:29",1
"2008-01-13 21:23:30",1
"2008-01-14 05:25:47",1
"2008-01-14 07:10:09",1
"2008-01-14 15:35:26",1
"2008-01-14 15:40:26",1
"2008-01-14 17:01:51",1
"2008-01-14 21:17:40",1
"2008-01-14 21:36:16",1
"2008-01-14 21:37:49",1
"2008-01-15 07:06:48",1
"2008-01-15 07:44:25",1
"2008-01-15 23:42:46",1
"2008-01-17 08:39:12",1
"2008-01-18 04:21:13",1
"2008-01-18 11:17:48",1
"2008-01-18 22:14:24",1
"2008-01-19 23:11:50",1
